run_id,timestamp,cpu_percent,rss_mb,io_read_mb,io_write_mb
single,2026-08-15T21:25:46.155515+00:00,0.0,0.4453125,0.640625,0.0
single,2026-08-15T21:25:46.658060+00:00,0.0,4.45703125,0.640625,0.0
single,2026-08-15T21:25:47.159068+00:00,0.0,4.45703125,0.640625,0.0
single,2026-08-15T21:25:47.660235+00:00,0.0,4.45703125,0.640625,0.0
single,2026-08-15T21:25:48.161526+00:00,0.0,4.45703125,0.640625,0.0
single,2026-08-15T21:25:48.662655+00:00,0.0,4.45703125,0.640625,0.0
single,2026-08-15T21:25:49.163935+00:00,0.0,4.45703125,0.640625,0.0
single,2026-08-15T21:25:49.664752+00:00,0.0,4.45703125,0.640625,0.0
single,2026-08-15T21:25:50.165606+00:00,0.0,4.45703125,0.640625,0.0
single,2026-08-15T21:25:50.666178+00:00,0.0,4.45703125,0.640625,0.0
single,2026-08-15T21:25:51.167141+00:00,0.0,4.45703125,0.640625,0.0
single,2026-08-15T21:25:51.668223+00:00,0.0,4.45703125,0.640625,0.0
single,2026-08-15T21:25:52.169364+00:00,0.0,4.45703125,0.640625,0.0
single,2026-08-15T21:25:52.669877+00:00,0.0,4.45703125,0.640625,0.0
single,2026-08-15T21:25:53.170958+00:00,0.0,4.45703125,0.640625,0.0
single,2026-08-15T21:25:53.672165+00:00,0.0,4.45703125,0.640625,0.0
single,2026-08-15T21:25:54.173290+00:00,0.0,4.45703125,0.640625,0.0
single,2026-08-15T21:25:54.674419+00:00,0.0,4.45703125,0.640625,0.0
single,2026-08-15T21:25:55.175391+00:00,0.0,4.45703125,0.640625,0.0
single,2026-08-15T21:25:55.676512+00:00,0.0,4.45703125,0.640625,0.0
single,2026-08-15T21:25:56.177763+00:00,0.0,4.45703125,0.640625,0.0
single,2026-08-15T21:25:56.678855+00:00,0.0,4.45703125,0.640625,0.0
single,2026-08-15T21:25:57.179890+00:00,0.0,4.45703125,0.640625,0.0
single,2026-08-15T21:25:57.681148+00:00,0.0,4.45703125,0.640625,0.0
single,2026-08-15T21:25:58.182392+00:00,0.0,4.45703125,0.640625,0.0
single,2026-08-15T21:25:58.683561+00:00,0.0,4.45703125,0.640625,0.0
single,2026-08-15T21:25:59.184831+00:00,0.0,4.45703125,0.640625,0.0
single,2026-08-15T21:25:59.685929+00:00,0.0,4.45703125,0.640625,0.0
single,2026-08-15T21:26:00.187105+00:00,0.0,4.45703125,0.640625,0.0
single,2026-08-15T21:26:00.688194+00:00,0.0,4.45703125,0.640625,0.0
single,2026-08-15T21:26:01.189278+00:00,0.0,4.45703125,0.640625,0.0
single,2026-08-15T21:26:01.690460+00:00,0.0,4.45703125,0.640625,0.0
single,2026-08-15T21:26:02.191575+00:00,0.0,4.45703125,0.640625,0.0
single,2026-08-15T21:26:02.692307+00:00,0.0,4.45703125,0.640625,0.0
single,2026-08-15T21:26:03.193569+00:00,0.0,4.45703125,0.640625,0.0
single,2026-08-15T21:26:03.694729+00:00,0.0,4.45703125,0.640625,0.0
single,2026-08-15T21:26:04.195851+00:00,0.0,4.45703125,0.640625,0.0
single,2026-08-15T21:26:04.696356+00:00,0.0,4.45703125,0.640625,0.0
single,2026-08-15T21:26:05.197014+00:00,0.0,4.45703125,0.640625,0.0
single,2026-08-15T21:26:05.698146+00:00,0.0,4.45703125,0.640625,0.0
single,2026-08-15T21:26:06.199372+00:00,0.0,4.45703125,0.640625,0.0
single,2026-08-15T21:26:06.700599+00:00,0.0,4.45703125,0.640625,0.0
single,2026-08-15T21:26:07.201792+00:00,0.0,4.45703125,0.640625,0.0
single,2026-08-15T21:26:07.702857+00:00,0.0,4.45703125,0.640625,0.0
single,2026-08-15T21:26:08.203928+00:00,0.0,4.45703125,0.640625,0.0
single,2026-08-15T21:26:08.705115+00:00,0.0,4.45703125,0.640625,0.0
single,2026-08-15T21:26:09.206293+00:00,0.0,4.45703125,0.640625,0.0
single,2026-08-15T21:26:09.707500+00:00,0.0,4.45703125,0.640625,0.0
single,2026-08-15T21:26:10.208548+00:00,0.0,4.45703125,0.640625,0.0
single,2026-08-15T21:26:10.709655+00:00,0.0,4.45703125,0.640625,0.0
single,2026-08-15T21:26:11.210817+00:00,0.0,4.45703125,0.640625,0.0
single,2026-08-15T21:26:11.711918+00:00,0.0,4.45703125,0.640625,0.0
single,2026-08-15T21:26:12.212592+00:00,0.0,4.45703125,0.640625,0.0
single,2026-08-15T21:26:12.713669+00:00,0.0,4.45703125,0.640625,0.0
single,2026-08-15T21:26:13.214765+00:00,0.0,4.45703125,0.640625,0.0
single,2026-08-15T21:26:13.715843+00:00,0.0,4.45703125,0.640625,0.0
single,2026-08-15T21:26:14.217062+00:00,0.0,4.45703125,0.640625,0.0
single,2026-08-15T21:26:14.718228+00:00,0.0,4.45703125,0.640625,0.0
single,2026-08-15T21:26:15.219379+00:00,0.0,4.45703125,0.640625,0.0
single,2026-08-15T21:26:15.720521+00:00,0.0,4.45703125,0.640625,0.0
single,2026-08-15T21:26:16.221646+00:00,0.0,4.45703125,0.640625,0.0
single,2026-08-15T21:26:16.723119+00:00,0.0,4.45703125,0.640625,0.0
single,2026-08-15T21:26:17.223753+00:00,0.0,4.45703125,0.640625,0.0
single,2026-08-15T21:26:17.724727+00:00,0.0,4.45703125,0.640625,0.0
single,2026-08-15T21:26:18.225738+00:00,0.0,4.45703125,0.640625,0.0
single,2026-08-15T21:26:18.726736+00:00,0.0,4.45703125,0.640625,0.0
single,2026-08-15T21:26:19.227933+00:00,0.0,4.45703125,0.640625,0.0
single,2026-08-15T21:26:19.729220+00:00,0.0,4.45703125,0.640625,0.0
single,2026-08-15T21:26:20.230474+00:00,0.0,4.45703125,0.640625,0.0
single,2026-08-15T21:26:20.731768+00:00,0.0,4.45703125,0.640625,0.0
single,2026-08-15T21:26:21.232738+00:00,0.0,4.45703125,0.640625,0.0
single,2026-08-15T21:26:21.733623+00:00,0.0,4.45703125,0.640625,0.0
single,2026-08-15T21:26:22.234263+00:00,0.0,4.45703125,0.640625,0.0
single,2026-08-15T21:26:22.735142+00:00,0.0,4.45703125,0.640625,0.0
single,2026-08-15T21:26:23.236080+00:00,0.0,4.45703125,0.640625,0.0
single,2026-08-15T21:26:23.736952+00:00,0.0,4.45703125,0.640625,0.0
single,2026-08-15T21:26:24.237955+00:00,0.0,4.45703125,0.640625,0.0
single,2026-08-15T21:26:24.738866+00:00,0.0,4.45703125,0.640625,0.0
single,2026-08-15T21:26:25.239784+00:00,0.0,4.45703125,0.640625,0.0
single,2026-08-15T21:26:25.740697+00:00,0.0,4.45703125,0.640625,0.0
single,2026-08-15T21:26:26.241612+00:00,0.0,4.45703125,0.640625,0.0
single,2026-08-15T21:26:26.742511+00:00,0.0,4.45703125,0.640625,0.0
single,2026-08-15T21:26:27.243184+00:00,0.0,4.45703125,0.640625,0.0
single,2026-08-15T21:26:27.744133+00:00,0.0,4.45703125,0.640625,0.0
single,2026-08-15T21:26:28.244853+00:00,0.0,4.45703125,0.640625,0.0
single,2026-08-15T21:26:28.745721+00:00,0.0,4.45703125,0.640625,0.0
single,2026-08-15T21:26:29.246646+00:00,0.0,4.45703125,0.640625,0.0
single,2026-08-15T21:26:29.747638+00:00,0.0,4.45703125,0.640625,0.0
single,2026-08-15T21:26:30.248561+00:00,0.0,4.45703125,0.640625,0.0
single,2026-08-15T21:26:30.749486+00:00,0.0,4.45703125,0.640625,0.0
single,2026-08-15T21:26:31.250420+00:00,0.0,4.45703125,0.640625,0.0
single,2026-08-15T21:26:31.751320+00:00,0.0,4.45703125,0.640625,0.0
single,2026-08-15T21:26:32.252210+00:00,0.0,4.45703125,0.640625,0.0
single,2026-08-15T21:26:32.753148+00:00,0.0,4.45703125,0.640625,0.0
single,2026-08-15T21:26:33.253916+00:00,0.0,4.45703125,0.640625,0.0
single,2026-08-15T21:26:33.754993+00:00,0.0,4.45703125,0.640625,0.0
single,2026-08-15T21:26:34.255894+00:00,0.0,4.45703125,0.640625,0.0
single,2026-08-15T21:26:34.756811+00:00,0.0,4.45703125,0.640625,0.0
single,2026-08-15T21:26:35.257706+00:00,0.0,4.45703125,0.640625,0.0
single,2026-08-15T21:26:35.758557+00:00,0.0,4.45703125,0.640625,0.0
single,2026-08-15T21:26:36.259474+00:00,0.0,4.45703125,0.640625,0.0
single,2026-08-15T21:26:36.760436+00:00,0.0,4.45703125,0.640625,0.0
single,2026-08-15T21:26:37.260957+00:00,0.0,4.45703125,0.640625,0.0
single,2026-08-15T21:26:37.761779+00:00,0.0,4.45703125,0.640625,0.0
single,2026-08-15T21:26:38.262771+00:00,0.0,4.45703125,0.640625,0.0
single,2026-08-15T21:26:38.763659+00:00,0.0,4.45703125,0.640625,0.0
single,2026-08-15T21:26:39.264517+00:00,0.0,4.45703125,0.640625,0.0
single,2026-08-15T21:26:39.765353+00:00,0.0,4.45703125,0.640625,0.0
single,2026-08-15T21:26:40.266241+00:00,2.0,4.45703125,0.640625,0.0
single,2026-08-15T21:26:40.767031+00:00,0.0,4.45703125,0.640625,0.0
single,2026-08-15T21:26:41.267789+00:00,0.0,4.45703125,0.640625,0.0
single,2026-08-15T21:26:41.768562+00:00,0.0,4.45703125,0.640625,0.0
single,2026-08-15T21:26:42.269354+00:00,0.0,4.45703125,0.640625,0.0
single,2026-08-15T21:26:42.770130+00:00,0.0,4.45703125,0.640625,0.0
single,2026-08-15T21:26:43.270747+00:00,0.0,4.45703125,0.640625,0.0
single,2026-08-15T21:26:43.771482+00:00,0.0,4.45703125,0.640625,0.0
single,2026-08-15T21:26:44.272551+00:00,0.0,4.45703125,0.640625,0.0
single,2026-08-15T21:26:44.773513+00:00,0.0,4.45703125,0.640625,0.0
single,2026-08-15T21:26:45.274489+00:00,0.0,4.45703125,0.640625,0.0
single,2026-08-15T21:26:45.775453+00:00,0.0,4.45703125,0.640625,0.0
single,2026-08-15T21:26:46.276420+00:00,0.0,4.45703125,0.640625,0.0
single,2026-08-15T21:26:46.777358+00:00,0.0,4.45703125,0.640625,0.0
single,2026-08-15T21:26:47.278114+00:00,0.0,4.45703125,0.640625,0.0
single,2026-08-15T21:26:47.778964+00:00,0.0,4.45703125,0.640625,0.0
single,2026-08-15T21:26:48.279692+00:00,0.0,4.45703125,0.640625,0.0
single,2026-08-15T21:26:48.780780+00:00,0.0,4.45703125,0.640625,0.0
single,2026-08-15T21:26:49.281687+00:00,0.0,4.45703125,0.640625,0.0
single,2026-08-15T21:26:49.782533+00:00,0.0,4.45703125,0.640625,0.0
single,2026-08-15T21:26:50.283341+00:00,0.0,4.45703125,0.640625,0.0
single,2026-08-15T21:26:50.784262+00:00,0.0,4.45703125,0.640625,0.0
single,2026-08-15T21:26:51.285213+00:00,0.0,4.45703125,0.640625,0.0
single,2026-08-15T21:26:51.786432+00:00,0.0,4.45703125,0.640625,0.0
single,2026-08-15T21:26:52.287464+00:00,0.0,4.45703125,0.640625,0.0
single,2026-08-15T21:26:52.788611+00:00,0.0,4.45703125,0.640625,0.0
single,2026-08-15T21:26:53.289516+00:00,0.0,4.45703125,0.640625,0.0
single,2026-08-15T21:26:53.791090+00:00,0.0,4.45703125,0.640625,0.0
single,2026-08-15T21:26:54.292199+00:00,0.0,4.45703125,0.640625,0.0
single,2026-08-15T21:26:54.793332+00:00,0.0,4.45703125,0.640625,0.0
single,2026-08-15T21:26:55.294430+00:00,0.0,4.45703125,0.640625,0.0
single,2026-08-15T21:26:55.795586+00:00,0.0,4.45703125,0.640625,0.0
single,2026-08-15T21:26:56.296728+00:00,0.0,4.45703125,0.640625,0.0
single,2026-08-15T21:26:56.797855+00:00,0.0,4.45703125,0.640625,0.0
single,2026-08-15T21:26:57.298944+00:00,0.0,4.45703125,0.640625,0.0
single,2026-08-15T21:26:57.800001+00:00,0.0,4.45703125,0.640625,0.0
single,2026-08-15T21:26:58.301174+00:00,0.0,4.45703125,0.640625,0.0
single,2026-08-15T21:26:58.802357+00:00,0.0,4.45703125,0.640625,0.0
single,2026-08-15T21:26:59.303468+00:00,0.0,4.45703125,0.640625,0.0
single,2026-08-15T21:26:59.804631+00:00,0.0,4.45703125,0.640625,0.0
single,2026-08-15T21:27:00.305820+00:00,0.0,4.45703125,0.640625,0.0
single,2026-08-15T21:27:00.806914+00:00,0.0,4.45703125,0.640625,0.0
single,2026-08-15T21:27:01.308138+00:00,0.0,4.45703125,0.640625,0.0
single,2026-08-15T21:27:01.809437+00:00,0.0,4.45703125,0.640625,0.0
single,2026-08-15T21:27:02.310595+00:00,0.0,4.45703125,0.640625,0.0
single,2026-08-15T21:27:02.811691+00:00,0.0,4.45703125,0.640625,0.0
single,2026-08-15T21:27:03.312485+00:00,0.0,4.45703125,0.640625,0.0
single,2026-08-15T21:27:03.813662+00:00,0.0,4.45703125,0.640625,0.0
single,2026-08-15T21:27:04.314801+00:00,0.0,4.45703125,0.640625,0.0
single,2026-08-15T21:27:04.815876+00:00,0.0,4.45703125,0.640625,0.0
single,2026-08-15T21:27:05.316807+00:00,0.0,4.45703125,0.640625,0.0
single,2026-08-15T21:27:05.817833+00:00,0.0,4.45703125,0.640625,0.0
single,2026-08-15T21:27:06.318961+00:00,0.0,4.45703125,0.640625,0.0
single,2026-08-15T21:27:06.820180+00:00,0.0,4.45703125,0.640625,0.0
single,2026-08-15T21:27:07.321337+00:00,0.0,4.45703125,0.640625,0.0
single,2026-08-15T21:27:07.822482+00:00,0.0,4.45703125,0.640625,0.0
single,2026-08-15T21:27:08.323659+00:00,0.0,4.45703125,0.640625,0.0
single,2026-08-15T21:27:08.824813+00:00,0.0,4.45703125,0.640625,0.0
single,2026-08-15T21:27:09.325935+00:00,0.0,4.45703125,0.640625,0.0
single,2026-08-15T21:27:09.827231+00:00,0.0,4.45703125,0.640625,0.0
single,2026-08-15T21:27:10.328372+00:00,0.0,4.45703125,0.640625,0.0
single,2026-08-15T21:27:10.829495+00:00,0.0,4.45703125,0.640625,0.0
single,2026-08-15T21:27:11.330651+00:00,0.0,4.45703125,0.640625,0.0
single,2026-08-15T21:27:11.831790+00:00,0.0,4.45703125,0.640625,0.0
single,2026-08-15T21:27:12.332882+00:00,0.0,4.45703125,0.640625,0.0
single,2026-08-15T21:27:12.834026+00:00,0.0,4.45703125,0.640625,0.0
single,2026-08-15T21:27:13.335109+00:00,0.0,4.45703125,0.640625,0.0
single,2026-08-15T21:27:13.836228+00:00,0.0,4.45703125,0.640625,0.0
single,2026-08-15T21:27:14.337400+00:00,0.0,4.45703125,0.640625,0.0
single,2026-08-15T21:27:14.838663+00:00,0.0,4.45703125,0.640625,0.0
single,2026-08-15T21:27:15.339799+00:00,0.0,4.45703125,0.640625,0.0
single,2026-08-15T21:27:15.841170+00:00,0.0,4.45703125,0.640625,0.0
single,2026-08-15T21:27:16.342339+00:00,0.0,4.45703125,0.640625,0.0
single,2026-08-15T21:27:16.843286+00:00,0.0,4.45703125,0.640625,0.0
single,2026-08-15T21:27:17.344436+00:00,0.0,4.45703125,0.640625,0.0
single,2026-08-15T21:27:17.845402+00:00,0.0,4.45703125,0.640625,0.0
single,2026-08-15T21:27:18.346562+00:00,0.0,4.45703125,0.640625,0.0
single,2026-08-15T21:27:18.847675+00:00,0.0,4.45703125,0.640625,0.0
single,2026-08-15T21:27:19.348892+00:00,0.0,4.45703125,0.640625,0.0
single,2026-08-15T21:27:19.850075+00:00,0.0,4.45703125,0.640625,0.0
single,2026-08-15T21:27:20.351226+00:00,0.0,4.45703125,0.640625,0.0
single,2026-08-15T21:27:20.852331+00:00,0.0,4.45703125,0.640625,0.0
single,2026-08-15T21:27:21.353502+00:00,0.0,4.45703125,0.640625,0.0
single,2026-08-15T21:27:21.854662+00:00,0.0,4.45703125,0.640625,0.0
single,2026-08-15T21:27:22.355820+00:00,0.0,4.45703125,0.640625,0.0
single,2026-08-15T21:27:22.856908+00:00,0.0,4.45703125,0.640625,0.0
single,2026-08-15T21:27:23.358158+00:00,0.0,4.45703125,0.640625,0.0
single,2026-08-15T21:27:23.859333+00:00,0.0,4.45703125,0.640625,0.0
single,2026-08-15T21:27:24.360494+00:00,0.0,4.45703125,0.640625,0.0
single,2026-08-15T21:27:24.861715+00:00,0.0,4.45703125,0.640625,0.0
single,2026-08-15T21:27:25.362870+00:00,0.0,4.45703125,0.640625,0.0
single,2026-08-15T21:27:25.863710+00:00,0.0,4.45703125,0.640625,0.0
single,2026-08-15T21:27:26.364816+00:00,0.0,4.45703125,0.640625,0.0
single,2026-08-15T21:27:26.865915+00:00,0.0,4.45703125,0.640625,0.0
single,2026-08-15T21:27:27.367167+00:00,0.0,4.45703125,0.640625,0.0
single,2026-08-15T21:27:27.868340+00:00,0.0,4.45703125,0.640625,0.0
single,2026-08-15T21:27:28.369508+00:00,0.0,4.45703125,0.640625,0.0
single,2026-08-15T21:27:28.870664+00:00,0.0,4.45703125,0.640625,0.0
single,2026-08-15T21:27:29.371729+00:00,0.0,4.45703125,0.640625,0.0
single,2026-08-15T21:27:29.872863+00:00,0.0,4.45703125,0.640625,0.0
single,2026-08-15T21:27:30.374055+00:00,0.0,4.45703125,0.640625,0.0
single,2026-08-15T21:27:30.875238+00:00,0.0,4.45703125,0.640625,0.0
single,2026-08-15T21:27:31.376337+00:00,0.0,4.45703125,0.640625,0.0
single,2026-08-15T21:27:31.877499+00:00,0.0,4.45703125,0.640625,0.0
single,2026-08-15T21:27:32.378691+00:00,0.0,4.45703125,0.640625,0.0
single,2026-08-15T21:27:32.879552+00:00,0.0,4.45703125,0.640625,0.0
single,2026-08-15T21:27:33.380691+00:00,0.0,4.45703125,0.640625,0.0
single,2026-08-15T21:27:33.881833+00:00,0.0,4.45703125,0.640625,0.0
single,2026-08-15T21:27:34.382922+00:00,0.0,4.45703125,0.640625,0.0
single,2026-08-15T21:27:34.884215+00:00,0.0,4.45703125,0.640625,0.0
single,2026-08-15T21:27:35.385372+00:00,0.0,4.45703125,0.640625,0.0
single,2026-08-15T21:27:35.886526+00:00,0.0,4.45703125,0.640625,0.0
single,2026-08-15T21:27:36.387659+00:00,0.0,4.45703125,0.640625,0.0
single,2026-08-15T21:27:36.888800+00:00,0.0,4.45703125,0.640625,0.0
single,2026-08-15T21:27:37.389883+00:00,0.0,4.45703125,0.640625,0.0
single,2026-08-15T21:27:37.891095+00:00,0.0,4.45703125,0.640625,0.0
single,2026-08-15T21:27:38.392302+00:00,0.0,4.45703125,0.640625,0.0
single,2026-08-15T21:27:38.893451+00:00,0.0,4.45703125,0.640625,0.0
single,2026-08-15T21:27:39.394612+00:00,0.0,4.45703125,0.640625,0.0
single,2026-08-15T21:27:39.895720+00:00,0.0,4.45703125,0.640625,0.0
single,2026-08-15T21:27:40.396848+00:00,0.0,4.45703125,0.640625,0.0
single,2026-08-15T21:27:40.897964+00:00,0.0,4.45703125,0.640625,0.0
single,2026-08-15T21:27:41.399221+00:00,0.0,4.45703125,0.640625,0.0
single,2026-08-15T21:27:41.900320+00:00,0.0,4.45703125,0.640625,0.0
single,2026-08-15T21:27:42.401481+00:00,0.0,4.45703125,0.640625,0.0
single,2026-08-15T21:27:42.902650+00:00,0.0,4.45703125,0.640625,0.0
single,2026-08-15T21:27:43.403830+00:00,0.0,4.45703125,0.640625,0.0
single,2026-08-15T21:27:43.904924+00:00,0.0,4.45703125,0.640625,0.0
single,2026-08-15T21:27:44.406163+00:00,0.0,4.45703125,0.640625,0.0
single,2026-08-15T21:27:44.907265+00:00,0.0,4.45703125,0.640625,0.0
single,2026-08-15T21:27:45.408434+00:00,0.0,4.45703125,0.640625,0.0
single,2026-08-15T21:27:45.909648+00:00,0.0,4.45703125,0.640625,0.0
single,2026-08-15T21:27:46.410861+00:00,0.0,4.45703125,0.640625,0.0
single,2026-08-15T21:27:46.912053+00:00,0.0,4.45703125,0.640625,0.0
single,2026-08-15T21:27:47.413129+00:00,0.0,4.45703125,0.640625,0.0
single,2026-08-15T21:27:47.914302+00:00,0.0,4.45703125,0.640625,0.0
single,2026-08-15T21:27:48.415465+00:00,0.0,4.45703125,0.640625,0.0
single,2026-08-15T21:27:48.916635+00:00,0.0,4.45703125,0.640625,0.0
single,2026-08-15T21:27:49.417781+00:00,0.0,4.45703125,0.640625,0.0
single,2026-08-15T21:27:49.918922+00:00,0.0,4.45703125,0.640625,0.0
single,2026-08-15T21:27:50.420189+00:00,0.0,4.45703125,0.640625,0.0
single,2026-08-15T21:27:50.921389+00:00,0.0,4.45703125,0.640625,0.0
single,2026-08-15T21:27:51.422552+00:00,0.0,4.45703125,0.640625,0.0
single,2026-08-15T21:27:51.923710+00:00,0.0,4.45703125,0.640625,0.0
single,2026-08-15T21:27:52.424841+00:00,0.0,4.45703125,0.640625,0.0
single,2026-08-15T21:27:52.925938+00:00,0.0,4.45703125,0.640625,0.0
single,2026-08-15T21:27:53.427218+00:00,0.0,4.45703125,0.640625,0.0
single,2026-08-15T21:27:53.928398+00:00,0.0,4.45703125,0.640625,0.0
single,2026-08-15T21:27:54.429572+00:00,0.0,4.45703125,0.640625,0.0
single,2026-08-15T21:27:54.930717+00:00,0.0,4.45703125,0.640625,0.0
single,2026-08-15T21:27:55.431855+00:00,0.0,4.45703125,0.640625,0.0
single,2026-08-15T21:27:55.932898+00:00,0.0,4.45703125,0.640625,0.0
single,2026-08-15T21:27:56.434134+00:00,0.0,4.45703125,0.640625,0.0
single,2026-08-15T21:27:56.935390+00:00,0.0,4.45703125,0.640625,0.0
single,2026-08-15T21:27:57.436481+00:00,0.0,4.45703125,0.640625,0.0
single,2026-08-15T21:27:57.937648+00:00,0.0,4.45703125,0.640625,0.0
single,2026-08-15T21:27:58.438807+00:00,0.0,4.45703125,0.640625,0.0
single,2026-08-15T21:27:58.939875+00:00,0.0,4.45703125,0.640625,0.0
single,2026-08-15T21:27:59.440966+00:00,0.0,4.45703125,0.640625,0.0
single,2026-08-15T21:27:59.942269+00:00,0.0,4.45703125,0.640625,0.0
single,2026-08-15T21:28:00.443400+00:00,0.0,4.45703125,0.640625,0.0
single,2026-08-15T21:28:00.944543+00:00,0.0,4.45703125,0.640625,0.0
single,2026-08-15T21:28:01.445716+00:00,0.0,4.45703125,0.640625,0.0
single,2026-08-15T21:28:01.946858+00:00,0.0,4.45703125,0.640625,0.0
single,2026-08-15T21:28:02.447953+00:00,0.0,4.45703125,0.640625,0.0
single,2026-08-15T21:28:02.949197+00:00,0.0,4.45703125,0.640625,0.0
single,2026-08-15T21:28:03.450400+00:00,0.0,4.45703125,0.640625,0.0
single,2026-08-15T21:28:03.951549+00:00,0.0,4.45703125,0.640625,0.0
single,2026-08-15T21:28:04.452731+00:00,0.0,4.45703125,0.640625,0.0
single,2026-08-15T21:28:04.953833+00:00,0.0,4.45703125,0.640625,0.0
single,2026-08-15T21:28:05.454919+00:00,0.0,4.45703125,0.640625,0.0
single,2026-08-15T21:28:05.956179+00:00,0.0,4.45703125,0.640625,0.0
single,2026-08-15T21:28:06.457289+00:00,0.0,4.45703125,0.640625,0.0
single,2026-08-15T21:28:06.958473+00:00,0.0,4.45703125,0.640625,0.0
single,2026-08-15T21:28:07.459767+00:00,0.0,4.45703125,0.640625,0.0
single,2026-08-15T21:28:07.960884+00:00,0.0,4.45703125,0.640625,0.0
single,2026-08-15T21:28:08.461941+00:00,0.0,4.45703125,0.640625,0.0
single,2026-08-15T21:28:08.962615+00:00,0.0,4.45703125,0.640625,0.0
single,2026-08-15T21:28:09.463201+00:00,0.0,4.45703125,0.640625,0.0
single,2026-08-15T21:28:09.964512+00:00,0.0,4.45703125,0.640625,0.0
single,2026-08-15T21:28:10.465670+00:00,0.0,4.45703125,0.640625,0.0
single,2026-08-15T21:28:10.966821+00:00,0.0,4.45703125,0.640625,0.0
single,2026-08-15T21:28:11.467892+00:00,0.0,4.45703125,0.640625,0.0
single,2026-08-15T21:28:11.969154+00:00,0.0,4.45703125,0.640625,0.0
single,2026-08-15T21:28:12.470341+00:00,0.0,4.45703125,0.640625,0.0
single,2026-08-15T21:28:12.971623+00:00,0.0,4.45703125,0.640625,0.0
single,2026-08-15T21:28:13.472822+00:00,0.0,4.45703125,0.640625,0.0
single,2026-08-15T21:28:13.973799+00:00,0.0,4.45703125,0.640625,0.0
single,2026-08-15T21:28:14.474905+00:00,0.0,4.45703125,0.640625,0.0
single,2026-08-15T21:28:14.976147+00:00,0.0,4.45703125,0.640625,0.0
single,2026-08-15T21:28:15.477334+00:00,0.0,4.45703125,0.640625,0.0
single,2026-08-15T21:28:15.978562+00:00,0.0,4.45703125,0.640625,0.0
single,2026-08-15T21:28:16.479637+00:00,0.0,4.45703125,0.640625,0.0
single,2026-08-15T21:28:16.980792+00:00,0.0,4.45703125,0.640625,0.0
single,2026-08-15T21:28:17.481892+00:00,0.0,4.45703125,0.640625,0.0
single,2026-08-15T21:28:17.983152+00:00,0.0,4.45703125,0.640625,0.0
single,2026-08-15T21:28:18.484438+00:00,0.0,4.45703125,0.640625,0.0
single,2026-08-15T21:28:18.985692+00:00,0.0,4.45703125,0.640625,0.0
single,2026-08-15T21:28:19.486812+00:00,0.0,4.45703125,0.640625,0.0
single,2026-08-15T21:28:19.987897+00:00,0.0,4.45703125,0.640625,0.0
single,2026-08-15T21:28:20.489263+00:00,0.0,4.45703125,0.640625,0.0
single,2026-08-15T21:28:20.990518+00:00,0.0,4.45703125,0.640625,0.0
single,2026-08-15T21:28:21.491602+00:00,0.0,4.45703125,0.640625,0.0
single,2026-08-15T21:28:21.992754+00:00,0.0,4.45703125,0.640625,0.0
single,2026-08-15T21:28:22.493899+00:00,0.0,4.45703125,0.640625,0.0
single,2026-08-15T21:28:22.995150+00:00,0.0,4.45703125,0.640625,0.0
single,2026-08-15T21:28:23.496494+00:00,0.0,4.45703125,0.640625,0.0
single,2026-08-15T21:28:23.997733+00:00,0.0,4.45703125,0.640625,0.0
single,2026-08-15T21:28:24.498868+00:00,0.0,4.45703125,0.640625,0.0
single,2026-08-15T21:28:24.999967+00:00,2.0,4.45703125,0.640625,0.0
single,2026-08-15T21:28:25.501114+00:00,0.0,4.45703125,0.640625,0.0
single,2026-08-15T21:28:26.002279+00:00,0.0,4.45703125,0.640625,0.0
single,2026-08-15T21:28:26.503434+00:00,0.0,4.45703125,0.640625,0.0
single,2026-08-15T21:28:27.004578+00:00,0.0,4.45703125,0.640625,0.0
single,2026-08-15T21:28:27.505874+00:00,0.0,4.45703125,0.640625,0.0
single,2026-08-15T21:28:28.006968+00:00,0.0,4.45703125,0.640625,0.0
single,2026-08-15T21:28:28.508182+00:00,0.0,4.45703125,0.640625,0.0
single,2026-08-15T21:28:29.009278+00:00,0.0,4.45703125,0.640625,0.0
single,2026-08-15T21:28:29.510466+00:00,0.0,4.45703125,0.640625,0.0
single,2026-08-15T21:28:30.011659+00:00,0.0,4.45703125,0.640625,0.0
single,2026-08-15T21:28:30.512823+00:00,0.0,4.45703125,0.640625,0.0
single,2026-08-15T21:28:31.013936+00:00,0.0,4.45703125,0.640625,0.0
single,2026-08-15T21:28:31.515110+00:00,0.0,4.45703125,0.640625,0.0
single,2026-08-15T21:28:32.016301+00:00,0.0,4.45703125,0.640625,0.0
single,2026-08-15T21:28:32.517453+00:00,0.0,4.45703125,0.640625,0.0
single,2026-08-15T21:28:33.018657+00:00,0.0,4.45703125,0.640625,0.0
single,2026-08-15T21:28:33.519788+00:00,0.0,4.45703125,0.640625,0.0
single,2026-08-15T21:28:34.020877+00:00,0.0,4.45703125,0.640625,0.0
single,2026-08-15T21:28:34.521886+00:00,0.0,4.45703125,0.640625,0.0
single,2026-08-15T21:28:35.023108+00:00,0.0,4.45703125,0.640625,0.0
single,2026-08-15T21:28:35.524297+00:00,0.0,4.45703125,0.640625,0.0
single,2026-08-15T21:28:36.025490+00:00,0.0,4.45703125,0.640625,0.0
single,2026-08-15T21:28:36.526650+00:00,0.0,4.45703125,0.640625,0.0
single,2026-08-15T21:28:37.027782+00:00,0.0,4.45703125,0.640625,0.0
single,2026-08-15T21:28:37.528882+00:00,0.0,4.45703125,0.640625,0.0
single,2026-08-15T21:28:38.029957+00:00,0.0,4.45703125,0.640625,0.0
single,2026-08-15T21:28:38.531289+00:00,0.0,4.45703125,0.640625,0.0
single,2026-08-15T21:28:39.032457+00:00,0.0,4.45703125,0.640625,0.0
single,2026-08-15T21:28:39.533625+00:00,0.0,4.45703125,0.640625,0.0
single,2026-08-15T21:28:40.034775+00:00,0.0,4.45703125,0.640625,0.0
single,2026-08-15T21:28:40.535865+00:00,0.0,4.45703125,0.640625,0.0
single,2026-08-15T21:28:41.036906+00:00,0.0,4.45703125,0.640625,0.0
single,2026-08-15T21:28:41.538134+00:00,0.0,4.45703125,0.640625,0.0
single,2026-08-15T21:28:42.039311+00:00,0.0,4.45703125,0.640625,0.0
single,2026-08-15T21:28:42.540126+00:00,0.0,4.45703125,0.640625,0.0
single,2026-08-15T21:28:43.041445+00:00,0.0,4.45703125,0.640625,0.0
single,2026-08-15T21:28:43.542620+00:00,0.0,4.45703125,0.640625,0.0
single,2026-08-15T21:28:44.043772+00:00,0.0,4.45703125,0.640625,0.0
single,2026-08-15T21:28:44.544862+00:00,0.0,4.45703125,0.640625,0.0
single,2026-08-15T21:28:45.045949+00:00,0.0,4.45703125,0.640625,0.0
single,2026-08-15T21:28:45.547238+00:00,0.0,4.45703125,0.640625,0.0
single,2026-08-15T21:28:46.048412+00:00,0.0,4.45703125,0.640625,0.0
single,2026-08-15T21:28:46.549577+00:00,0.0,4.45703125,0.640625,0.0
single,2026-08-15T21:28:47.050756+00:00,0.0,4.45703125,0.640625,0.0
single,2026-08-15T21:28:47.551877+00:00,0.0,4.45703125,0.640625,0.0
single,2026-08-15T21:28:48.052919+00:00,0.0,4.45703125,0.640625,0.0
single,2026-08-15T21:28:48.554164+00:00,0.0,4.45703125,0.640625,0.0
single,2026-08-15T21:28:49.055377+00:00,0.0,4.45703125,0.640625,0.0
single,2026-08-15T21:28:49.556569+00:00,0.0,4.45703125,0.640625,0.0
single,2026-08-15T21:28:50.057733+00:00,0.0,4.45703125,0.640625,0.0
single,2026-08-15T21:28:50.558850+00:00,0.0,4.45703125,0.640625,0.0
single,2026-08-15T21:28:51.059934+00:00,0.0,4.45703125,0.640625,0.0
single,2026-08-15T21:28:51.561227+00:00,0.0,4.45703125,0.640625,0.0
single,2026-08-15T21:28:52.062418+00:00,0.0,4.45703125,0.640625,0.0
single,2026-08-15T21:28:52.563540+00:00,0.0,4.45703125,0.640625,0.0
single,2026-08-15T21:28:53.064716+00:00,0.0,4.45703125,0.640625,0.0
single,2026-08-15T21:28:53.566302+00:00,0.0,4.45703125,0.640625,0.0
single,2026-08-15T21:28:54.067394+00:00,0.0,4.45703125,0.640625,0.0
single,2026-08-15T21:28:54.568374+00:00,0.0,4.45703125,0.640625,0.0
single,2026-08-15T21:28:55.069401+00:00,0.0,4.45703125,0.640625,0.0
single,2026-08-15T21:28:55.570384+00:00,0.0,4.45703125,0.640625,0.0
single,2026-08-15T21:28:56.071363+00:00,0.0,4.45703125,0.640625,0.0
single,2026-08-15T21:28:56.572065+00:00,0.0,4.45703125,0.640625,0.0
single,2026-08-15T21:28:57.072967+00:00,0.0,4.45703125,0.640625,0.0
single,2026-08-15T21:28:57.574044+00:00,0.0,4.45703125,0.640625,0.0
single,2026-08-15T21:28:58.075064+00:00,0.0,4.45703125,0.640625,0.0
single,2026-08-15T21:28:58.576189+00:00,0.0,4.45703125,0.640625,0.0
single,2026-08-15T21:28:59.077319+00:00,0.0,4.45703125,0.640625,0.0
single,2026-08-15T21:28:59.578492+00:00,0.0,4.45703125,0.640625,0.0
single,2026-08-15T21:29:00.079628+00:00,0.0,4.45703125,0.640625,0.0
single,2026-08-15T21:29:00.580769+00:00,0.0,4.45703125,0.640625,0.0
single,2026-08-15T21:29:01.081841+00:00,0.0,4.45703125,0.640625,0.0
single,2026-08-15T21:29:01.582911+00:00,0.0,4.45703125,0.640625,0.0
single,2026-08-15T21:29:02.084116+00:00,0.0,4.45703125,0.640625,0.0
single,2026-08-15T21:29:02.585301+00:00,0.0,4.45703125,0.640625,0.0
single,2026-08-15T21:29:03.086479+00:00,0.0,4.45703125,0.640625,0.0
single,2026-08-15T21:29:03.587627+00:00,0.0,4.45703125,0.640625,0.0
single,2026-08-15T21:29:04.088780+00:00,0.0,4.45703125,0.640625,0.0
single,2026-08-15T21:29:04.590064+00:00,0.0,4.45703125,0.640625,0.0
single,2026-08-15T21:29:05.091266+00:00,0.0,4.45703125,0.640625,0.0
single,2026-08-15T21:29:05.592552+00:00,0.0,4.45703125,0.640625,0.0
single,2026-08-15T21:29:06.093639+00:00,0.0,4.45703125,0.640625,0.0
single,2026-08-15T21:29:06.594771+00:00,0.0,4.45703125,0.640625,0.0
single,2026-08-15T21:29:07.095861+00:00,0.0,4.45703125,0.640625,0.0
single,2026-08-15T21:29:07.596943+00:00,0.0,4.45703125,0.640625,0.0
single,2026-08-15T21:29:08.098133+00:00,0.0,4.45703125,0.640625,0.0
single,2026-08-15T21:29:08.599260+00:00,0.0,4.45703125,0.640625,0.0
single,2026-08-15T21:29:09.100411+00:00,0.0,4.45703125,0.640625,0.0
single,2026-08-15T21:29:09.601591+00:00,0.0,4.45703125,0.640625,0.0
single,2026-08-15T21:29:10.102738+00:00,0.0,4.45703125,0.640625,0.0
single,2026-08-15T21:29:10.603839+00:00,0.0,4.45703125,0.640625,0.0
single,2026-08-15T21:29:11.104915+00:00,0.0,4.45703125,0.640625,0.0
single,2026-08-15T21:29:11.606165+00:00,0.0,4.45703125,0.640625,0.0
single,2026-08-15T21:29:12.107368+00:00,0.0,4.45703125,0.640625,0.0
single,2026-08-15T21:29:12.608555+00:00,0.0,4.45703125,0.640625,0.0
single,2026-08-15T21:29:13.109711+00:00,0.0,4.45703125,0.640625,0.0
single,2026-08-15T21:29:13.610858+00:00,0.0,4.45703125,0.640625,0.0
single,2026-08-15T21:29:14.111914+00:00,0.0,4.45703125,0.640625,0.0
single,2026-08-15T21:29:14.613136+00:00,0.0,4.45703125,0.640625,0.0
single,2026-08-15T21:29:15.114320+00:00,0.0,4.45703125,0.640625,0.0
single,2026-08-15T21:29:15.615510+00:00,0.0,4.45703125,0.640625,0.0
single,2026-08-15T21:29:16.116681+00:00,0.0,4.45703125,0.640625,0.0
single,2026-08-15T21:29:16.617838+00:00,0.0,4.45703125,0.640625,0.0
single,2026-08-15T21:29:17.118932+00:00,0.0,4.45703125,0.640625,0.0
single,2026-08-15T21:29:17.620176+00:00,0.0,4.45703125,0.640625,0.0
single,2026-08-15T21:29:18.121433+00:00,0.0,4.45703125,0.640625,0.0
single,2026-08-15T21:29:18.622593+00:00,0.0,4.45703125,0.640625,0.0
single,2026-08-15T21:29:19.123740+00:00,0.0,4.45703125,0.640625,0.0
single,2026-08-15T21:29:19.624867+00:00,0.0,4.45703125,0.640625,0.0
single,2026-08-15T21:29:20.125945+00:00,0.0,4.45703125,0.640625,0.0
single,2026-08-15T21:29:20.627184+00:00,0.0,4.45703125,0.640625,0.0
single,2026-08-15T21:29:21.128355+00:00,0.0,4.45703125,0.640625,0.0
single,2026-08-15T21:29:21.629532+00:00,0.0,4.45703125,0.640625,0.0
single,2026-08-15T21:29:22.130540+00:00,0.0,4.45703125,0.640625,0.0
single,2026-08-15T21:29:22.631677+00:00,0.0,4.45703125,0.640625,0.0
single,2026-08-15T21:29:23.132801+00:00,0.0,4.45703125,0.640625,0.0
single,2026-08-15T21:29:23.633893+00:00,0.0,4.45703125,0.640625,0.0
single,2026-08-15T21:29:24.135102+00:00,0.0,4.45703125,0.640625,0.0
single,2026-08-15T21:29:24.636238+00:00,0.0,4.45703125,0.640625,0.0
single,2026-08-15T21:29:25.137401+00:00,0.0,4.45703125,0.640625,0.0
single,2026-08-15T21:29:25.638572+00:00,0.0,4.45703125,0.640625,0.0
single,2026-08-15T21:29:26.139706+00:00,0.0,4.45703125,0.640625,0.0
single,2026-08-15T21:29:26.640843+00:00,0.0,4.45703125,0.640625,0.0
single,2026-08-15T21:29:27.141939+00:00,0.0,4.45703125,0.640625,0.0
single,2026-08-15T21:29:27.643135+00:00,0.0,4.45703125,0.640625,0.0
single,2026-08-15T21:29:28.144315+00:00,0.0,4.45703125,0.640625,0.0
single,2026-08-15T21:29:28.645470+00:00,0.0,4.45703125,0.640625,0.0
single,2026-08-15T21:29:29.146594+00:00,0.0,4.45703125,0.640625,0.0
single,2026-08-15T21:29:29.647733+00:00,0.0,4.45703125,0.640625,0.0
single,2026-08-15T21:29:30.148899+00:00,0.0,4.45703125,0.640625,0.0
single,2026-08-15T21:29:30.649969+00:00,0.0,4.45703125,0.640625,0.0
single,2026-08-15T21:29:31.151256+00:00,0.0,4.45703125,0.640625,0.0
single,2026-08-15T21:29:31.652457+00:00,0.0,4.45703125,0.640625,0.0
single,2026-08-15T21:29:32.153601+00:00,0.0,4.45703125,0.640625,0.0
single,2026-08-15T21:29:32.654767+00:00,0.0,4.45703125,0.640625,0.0
single,2026-08-15T21:29:33.155856+00:00,0.0,4.45703125,0.640625,0.0
single,2026-08-15T21:29:33.656951+00:00,0.0,4.45703125,0.640625,0.0
single,2026-08-15T21:29:34.158190+00:00,0.0,4.45703125,0.640625,0.0
single,2026-08-15T21:29:34.659316+00:00,0.0,4.45703125,0.640625,0.0
single,2026-08-15T21:29:35.160476+00:00,0.0,4.45703125,0.640625,0.0
single,2026-08-15T21:29:35.661643+00:00,0.0,4.45703125,0.640625,0.0
single,2026-08-15T21:29:36.162811+00:00,0.0,4.45703125,0.640625,0.0
single,2026-08-15T21:29:36.663898+00:00,0.0,4.45703125,0.640625,0.0
single,2026-08-15T21:29:37.165110+00:00,0.0,4.45703125,0.640625,0.0
single,2026-08-15T21:29:37.666288+00:00,0.0,4.45703125,0.640625,0.0
single,2026-08-15T21:29:38.167451+00:00,0.0,4.45703125,0.640625,0.0
single,2026-08-15T21:29:38.668530+00:00,0.0,4.45703125,0.640625,0.0
single,2026-08-15T21:29:39.169694+00:00,0.0,4.45703125,0.640625,0.0
single,2026-08-15T21:29:39.670911+00:00,2.0,4.45703125,0.640625,0.0
single,2026-08-15T21:29:40.172136+00:00,0.0,4.45703125,0.640625,0.0
single,2026-08-15T21:29:40.673322+00:00,0.0,4.45703125,0.640625,0.0
single,2026-08-15T21:29:41.174504+00:00,0.0,4.45703125,0.640625,0.0
single,2026-08-15T21:29:41.675693+00:00,0.0,4.45703125,0.640625,0.0
single,2026-08-15T21:29:42.176867+00:00,0.0,4.45703125,0.640625,0.0
single,2026-08-15T21:29:42.677920+00:00,0.0,4.45703125,0.640625,0.0
single,2026-08-15T21:29:43.179152+00:00,0.0,4.45703125,0.640625,0.0
single,2026-08-15T21:29:43.680285+00:00,0.0,4.45703125,0.640625,0.0
single,2026-08-15T21:29:44.181447+00:00,0.0,4.45703125,0.640625,0.0
single,2026-08-15T21:29:44.682689+00:00,0.0,4.45703125,0.640625,0.0
single,2026-08-15T21:29:45.183662+00:00,0.0,4.45703125,0.640625,0.0
single,2026-08-15T21:29:45.684862+00:00,0.0,4.45703125,0.640625,0.0
single,2026-08-15T21:29:46.185899+00:00,0.0,4.45703125,0.640625,0.0
single,2026-08-15T21:29:46.687151+00:00,0.0,4.45703125,0.640625,0.0
single,2026-08-15T21:29:47.188383+00:00,0.0,4.45703125,0.640625,0.0
single,2026-08-15T21:29:47.689624+00:00,0.0,4.45703125,0.640625,0.0
single,2026-08-15T21:29:48.190772+00:00,0.0,4.45703125,0.640625,0.0
single,2026-08-15T21:29:48.691775+00:00,0.0,4.45703125,0.640625,0.0
single,2026-08-15T21:29:49.192853+00:00,0.0,4.45703125,0.640625,0.0
single,2026-08-15T21:29:49.693939+00:00,0.0,4.45703125,0.640625,0.0
single,2026-08-15T21:29:50.195210+00:00,0.0,4.45703125,0.640625,0.0
single,2026-08-15T21:29:50.696548+00:00,0.0,4.45703125,0.640625,0.0
single,2026-08-15T21:29:51.197829+00:00,0.0,4.45703125,0.640625,0.0
single,2026-08-15T21:29:51.698781+00:00,0.0,4.45703125,0.640625,0.0
single,2026-08-15T21:29:52.199722+00:00,0.0,4.45703125,0.640625,0.0
single,2026-08-15T21:29:52.700667+00:00,0.0,4.45703125,0.640625,0.0
single,2026-08-15T21:29:53.201627+00:00,0.0,4.45703125,0.640625,0.0
single,2026-08-15T21:29:53.702601+00:00,0.0,4.45703125,0.640625,0.0
single,2026-08-15T21:29:54.203609+00:00,0.0,4.45703125,0.640625,0.0
single,2026-08-15T21:29:54.704635+00:00,0.0,4.45703125,0.640625,0.0
single,2026-08-15T21:29:55.205624+00:00,0.0,4.45703125,0.640625,0.0
single,2026-08-15T21:29:55.706623+00:00,0.0,4.45703125,0.640625,0.0
single,2026-08-15T21:29:56.207562+00:00,0.0,4.45703125,0.640625,0.0
single,2026-08-15T21:29:56.708557+00:00,0.0,4.45703125,0.640625,0.0
single,2026-08-15T21:29:57.209500+00:00,0.0,4.45703125,0.640625,0.0
single,2026-08-15T21:29:57.710508+00:00,0.0,4.45703125,0.640625,0.0
single,2026-08-15T21:29:58.211505+00:00,0.0,4.45703125,0.640625,0.0
single,2026-08-15T21:29:58.712502+00:00,0.0,4.45703125,0.640625,0.0
single,2026-08-15T21:29:59.213495+00:00,0.0,4.45703125,0.640625,0.0
single,2026-08-15T21:29:59.714489+00:00,0.0,4.45703125,0.640625,0.0
single,2026-08-15T21:30:00.215475+00:00,0.0,4.45703125,0.640625,0.0
single,2026-08-15T21:30:00.716468+00:00,0.0,4.45703125,0.640625,0.0
single,2026-08-15T21:30:01.217455+00:00,0.0,4.45703125,0.640625,0.0
single,2026-08-15T21:30:01.718455+00:00,0.0,4.45703125,0.640625,0.0
single,2026-08-15T21:30:02.219102+00:00,0.0,4.45703125,0.640625,0.0
single,2026-08-15T21:30:02.720039+00:00,0.0,4.45703125,0.640625,0.0
single,2026-08-15T21:30:03.220968+00:00,0.0,4.45703125,0.640625,0.0
single,2026-08-15T21:30:03.721931+00:00,0.0,4.45703125,0.640625,0.0
single,2026-08-15T21:30:04.222913+00:00,0.0,4.45703125,0.640625,0.0
single,2026-08-15T21:30:04.723877+00:00,0.0,4.45703125,0.640625,0.0
single,2026-08-15T21:30:05.224795+00:00,0.0,4.45703125,0.640625,0.0
single,2026-08-15T21:30:05.725832+00:00,0.0,4.45703125,0.640625,0.0
single,2026-08-15T21:30:06.226761+00:00,0.0,4.45703125,0.640625,0.0
single,2026-08-15T21:30:06.727773+00:00,0.0,4.45703125,0.640625,0.0
single,2026-08-15T21:30:07.228323+00:00,0.0,4.45703125,0.640625,0.0
single,2026-08-15T21:30:07.729308+00:00,0.0,4.45703125,0.640625,0.0
single,2026-08-15T21:30:08.230271+00:00,0.0,4.45703125,0.640625,0.0
single,2026-08-15T21:30:08.731311+00:00,0.0,4.45703125,0.640625,0.0
single,2026-08-15T21:30:09.232309+00:00,0.0,4.45703125,0.640625,0.0
single,2026-08-15T21:30:09.733240+00:00,0.0,4.45703125,0.640625,0.0
single,2026-08-15T21:30:10.234223+00:00,0.0,4.45703125,0.640625,0.0
single,2026-08-15T21:30:10.735239+00:00,0.0,4.45703125,0.640625,0.0
single,2026-08-15T21:30:11.235763+00:00,0.0,4.45703125,0.640625,0.0
single,2026-08-15T21:30:11.736684+00:00,0.0,4.45703125,0.640625,0.0
single,2026-08-15T21:30:12.237408+00:00,0.0,4.45703125,0.640625,0.0
single,2026-08-15T21:30:12.738387+00:00,0.0,4.45703125,0.640625,0.0
single,2026-08-15T21:30:13.239518+00:00,0.0,4.45703125,0.640625,0.0
single,2026-08-15T21:30:13.740675+00:00,0.0,4.45703125,0.640625,0.0
single,2026-08-15T21:30:14.241792+00:00,0.0,4.45703125,0.640625,0.0
single,2026-08-15T21:30:14.742730+00:00,0.0,4.45703125,0.640625,0.0
single,2026-08-15T21:30:15.243737+00:00,0.0,4.45703125,0.640625,0.0
single,2026-08-15T21:30:15.744846+00:00,0.0,4.45703125,0.640625,0.0
single,2026-08-15T21:30:16.245761+00:00,0.0,4.45703125,0.640625,0.0
single,2026-08-15T21:30:16.746764+00:00,0.0,4.45703125,0.640625,0.0
single,2026-08-15T21:30:17.247511+00:00,0.0,4.45703125,0.640625,0.0
single,2026-08-15T21:30:17.748453+00:00,0.0,4.45703125,0.640625,0.0
single,2026-08-15T21:30:18.249421+00:00,0.0,4.45703125,0.640625,0.0
single,2026-08-15T21:30:18.750402+00:00,0.0,4.45703125,0.640625,0.0
single,2026-08-15T21:30:19.251373+00:00,0.0,4.45703125,0.640625,0.0
single,2026-08-15T21:30:19.752319+00:00,0.0,4.45703125,0.640625,0.0
single,2026-08-15T21:30:20.253218+00:00,0.0,4.45703125,0.640625,0.0
single,2026-08-15T21:30:20.754172+00:00,0.0,4.45703125,0.640625,0.0
single,2026-08-15T21:30:21.255106+00:00,0.0,4.45703125,0.640625,0.0
single,2026-08-15T21:30:21.756002+00:00,0.0,4.45703125,0.640625,0.0
single,2026-08-15T21:30:22.256591+00:00,0.0,4.45703125,0.640625,0.0
single,2026-08-15T21:30:22.757586+00:00,0.0,4.45703125,0.640625,0.0
single,2026-08-15T21:30:23.258223+00:00,0.0,4.45703125,0.640625,0.0
single,2026-08-15T21:30:23.759133+00:00,0.0,4.45703125,0.640625,0.0
single,2026-08-15T21:30:24.260035+00:00,0.0,4.45703125,0.640625,0.0
single,2026-08-15T21:30:24.761071+00:00,0.0,4.45703125,0.640625,0.0
single,2026-08-15T21:30:25.261965+00:00,0.0,4.45703125,0.640625,0.0
single,2026-08-15T21:30:25.763005+00:00,0.0,4.45703125,0.640625,0.0
single,2026-08-15T21:30:26.263843+00:00,0.0,4.45703125,0.640625,0.0
single,2026-08-15T21:30:26.764617+00:00,0.0,4.45703125,0.640625,0.0
single,2026-08-15T21:30:27.265132+00:00,0.0,4.45703125,0.640625,0.0
single,2026-08-15T21:30:27.765762+00:00,0.0,4.45703125,0.640625,0.0
single,2026-08-15T21:30:28.266337+00:00,0.0,4.45703125,0.640625,0.0
single,2026-08-15T21:30:28.766905+00:00,0.0,4.45703125,0.640625,0.0
single,2026-08-15T21:30:29.267491+00:00,0.0,4.45703125,0.640625,0.0
single,2026-08-15T21:30:29.768319+00:00,0.0,4.45703125,0.640625,0.0
single,2026-08-15T21:30:30.268829+00:00,0.0,4.45703125,0.640625,0.0
single,2026-08-15T21:30:30.769615+00:00,0.0,4.45703125,0.640625,0.0
single,2026-08-15T21:30:31.270615+00:00,0.0,4.45703125,0.640625,0.0
single,2026-08-15T21:30:31.771154+00:00,0.0,4.45703125,0.640625,0.0
single,2026-08-15T21:30:32.271663+00:00,0.0,4.45703125,0.640625,0.0
single,2026-08-15T21:30:32.772488+00:00,0.0,4.45703125,0.640625,0.0
single,2026-08-15T21:30:33.273031+00:00,0.0,4.45703125,0.640625,0.0
single,2026-08-15T21:30:33.773836+00:00,0.0,4.45703125,0.640625,0.0
single,2026-08-15T21:30:34.274376+00:00,0.0,4.45703125,0.640625,0.0
single,2026-08-15T21:30:34.775208+00:00,0.0,4.45703125,0.640625,0.0
single,2026-08-15T21:30:35.276049+00:00,0.0,4.45703125,0.640625,0.0
single,2026-08-15T21:30:35.778211+00:00,0.0,4.45703125,0.640625,0.0
single,2026-08-15T21:30:36.279162+00:00,0.0,4.45703125,0.640625,0.0
single,2026-08-15T21:30:36.779666+00:00,0.0,4.45703125,0.640625,0.0
single,2026-08-15T21:30:37.280329+00:00,0.0,4.45703125,0.640625,0.0
single,2026-08-15T21:30:37.780878+00:00,0.0,4.45703125,0.640625,0.0
single,2026-08-15T21:30:38.281433+00:00,0.0,4.45703125,0.640625,0.0
single,2026-08-15T21:30:38.782358+00:00,0.0,4.45703125,0.640625,0.0
single,2026-08-15T21:30:39.282937+00:00,0.0,4.45703125,0.640625,0.0
single,2026-08-15T21:30:39.783450+00:00,0.0,4.45703125,0.640625,0.0
single,2026-08-15T21:30:40.284138+00:00,0.0,4.45703125,0.640625,0.0
single,2026-08-15T21:30:40.784611+00:00,0.0,4.45703125,0.640625,0.0
single,2026-08-15T21:30:41.285150+00:00,0.0,4.45703125,0.640625,0.0
single,2026-08-15T21:30:41.785710+00:00,0.0,4.45703125,0.640625,0.0
single,2026-08-15T21:30:42.286251+00:00,0.0,4.45703125,0.640625,0.0
single,2026-08-15T21:30:42.786733+00:00,0.0,4.45703125,0.640625,0.0
single,2026-08-15T21:30:43.287250+00:00,0.0,4.45703125,0.640625,0.0
single,2026-08-15T21:30:43.787721+00:00,0.0,4.45703125,0.640625,0.0
single,2026-08-15T21:30:44.288227+00:00,0.0,4.45703125,0.640625,0.0
single,2026-08-15T21:30:44.788784+00:00,0.0,4.45703125,0.640625,0.0
single,2026-08-15T21:30:45.289330+00:00,0.0,4.45703125,0.640625,0.0
single,2026-08-15T21:30:45.789810+00:00,0.0,4.45703125,0.640625,0.0
single,2026-08-15T21:30:46.290313+00:00,0.0,4.45703125,0.640625,0.0
single,2026-08-15T21:30:46.790857+00:00,0.0,4.45703125,0.640625,0.0
single,2026-08-15T21:30:47.291503+00:00,0.0,4.45703125,0.640625,0.0
single,2026-08-15T21:30:47.792030+00:00,0.0,4.45703125,0.640625,0.0
single,2026-08-15T21:30:48.293121+00:00,0.0,4.45703125,0.640625,0.0
single,2026-08-15T21:30:48.793777+00:00,0.0,4.45703125,0.640625,0.0
single,2026-08-15T21:30:49.294466+00:00,0.0,4.45703125,0.640625,0.0
single,2026-08-15T21:30:49.795135+00:00,0.0,4.45703125,0.640625,0.0
single,2026-08-15T21:30:50.295630+00:00,0.0,4.45703125,0.640625,0.0
single,2026-08-15T21:30:50.796208+00:00,0.0,4.45703125,0.640625,0.0
single,2026-08-15T21:30:51.296697+00:00,0.0,4.45703125,0.640625,0.0
single,2026-08-15T21:30:51.797223+00:00,0.0,4.45703125,0.640625,0.0
single,2026-08-15T21:30:52.298012+00:00,0.0,4.45703125,0.640625,0.0
single,2026-08-15T21:30:52.798845+00:00,0.0,4.45703125,0.640625,0.0
single,2026-08-15T21:30:53.299694+00:00,0.0,4.45703125,0.640625,0.0
single,2026-08-15T21:30:53.800434+00:00,0.0,4.45703125,0.640625,0.0
single,2026-08-15T21:30:54.301022+00:00,0.0,4.45703125,0.640625,0.0
single,2026-08-15T21:30:54.801885+00:00,0.0,4.45703125,0.640625,0.0
single,2026-08-15T21:30:55.302444+00:00,0.0,4.45703125,0.640625,0.0
single,2026-08-15T21:30:55.803424+00:00,0.0,4.45703125,0.640625,0.0
single,2026-08-15T21:30:56.304055+00:00,0.0,4.45703125,0.640625,0.0
single,2026-08-15T21:30:56.805123+00:00,0.0,4.45703125,0.640625,0.0
single,2026-08-15T21:30:57.306109+00:00,0.0,4.45703125,0.640625,0.0
single,2026-08-15T21:30:57.807269+00:00,0.0,4.45703125,0.640625,0.0
single,2026-08-15T21:30:58.308050+00:00,0.0,4.45703125,0.640625,0.0
single,2026-08-15T21:30:58.808803+00:00,0.0,4.45703125,0.640625,0.0
single,2026-08-15T21:30:59.309383+00:00,0.0,4.45703125,0.640625,0.0
single,2026-08-15T21:30:59.810413+00:00,0.0,4.45703125,0.640625,0.0
single,2026-08-15T21:31:00.311009+00:00,0.0,4.45703125,0.640625,0.0
single,2026-08-15T21:31:00.811780+00:00,0.0,4.45703125,0.640625,0.0
single,2026-08-15T21:31:01.312381+00:00,0.0,4.45703125,0.640625,0.0
single,2026-08-15T21:31:01.814380+00:00,0.0,4.45703125,0.640625,0.0
single,2026-08-15T21:31:02.315507+00:00,0.0,4.45703125,0.640625,0.0
single,2026-08-15T21:31:02.816506+00:00,0.0,4.45703125,0.640625,0.0
single,2026-08-15T21:31:03.317654+00:00,0.0,4.45703125,0.640625,0.0
single,2026-08-15T21:31:03.818629+00:00,0.0,4.45703125,0.640625,0.0
single,2026-08-15T21:31:04.319599+00:00,0.0,4.45703125,0.640625,0.0
single,2026-08-15T21:31:04.820492+00:00,0.0,4.45703125,0.640625,0.0
single,2026-08-15T21:31:05.321632+00:00,0.0,4.45703125,0.640625,0.0
single,2026-08-15T21:31:05.822781+00:00,0.0,4.45703125,0.640625,0.0
single,2026-08-15T21:31:06.323893+00:00,0.0,4.45703125,0.640625,0.0
single,2026-08-15T21:31:06.824869+00:00,0.0,4.45703125,0.640625,0.0
single,2026-08-15T21:31:07.326382+00:00,0.0,4.45703125,0.640625,0.0
single,2026-08-15T21:31:07.827361+00:00,0.0,4.45703125,0.640625,0.0
single,2026-08-15T21:31:08.328488+00:00,0.0,4.45703125,0.640625,0.0
single,2026-08-15T21:31:08.829580+00:00,0.0,4.45703125,0.640625,0.0
single,2026-08-15T21:31:09.330548+00:00,0.0,4.45703125,0.640625,0.0
single,2026-08-15T21:31:09.831671+00:00,0.0,4.45703125,0.640625,0.0
single,2026-08-15T21:31:10.332790+00:00,0.0,4.45703125,0.640625,0.0
single,2026-08-15T21:31:10.833873+00:00,0.0,4.45703125,0.640625,0.0
single,2026-08-15T21:31:11.335022+00:00,2.0,4.45703125,0.640625,0.0
single,2026-08-15T21:31:11.836130+00:00,0.0,4.45703125,0.640625,0.0
single,2026-08-15T21:31:12.337383+00:00,0.0,4.45703125,0.640625,0.0
single,2026-08-15T21:31:12.838584+00:00,0.0,4.45703125,0.640625,0.0
single,2026-08-15T21:31:13.339717+00:00,0.0,4.45703125,0.640625,0.0
single,2026-08-15T21:31:13.840864+00:00,0.0,4.45703125,0.640625,0.0
single,2026-08-15T21:31:14.341920+00:00,0.0,4.45703125,0.640625,0.0
single,2026-08-15T21:31:14.843101+00:00,0.0,4.45703125,0.640625,0.0
single,2026-08-15T21:31:15.344252+00:00,0.0,4.45703125,0.640625,0.0
single,2026-08-15T21:31:15.845597+00:00,0.0,4.45703125,0.640625,0.0
single,2026-08-15T21:31:16.346674+00:00,0.0,4.45703125,0.640625,0.0
single,2026-08-15T21:31:16.847755+00:00,0.0,4.45703125,0.640625,0.0
single,2026-08-15T21:31:17.348876+00:00,0.0,4.45703125,0.640625,0.0
single,2026-08-15T21:31:17.849904+00:00,0.0,4.45703125,0.640625,0.0
single,2026-08-15T21:31:18.351117+00:00,0.0,4.45703125,0.640625,0.0
single,2026-08-15T21:31:18.852251+00:00,0.0,4.45703125,0.640625,0.0
single,2026-08-15T21:31:19.353382+00:00,0.0,4.45703125,0.640625,0.0
single,2026-08-15T21:31:19.854493+00:00,0.0,4.45703125,0.640625,0.0
single,2026-08-15T21:31:20.355643+00:00,0.0,4.45703125,0.640625,0.0
single,2026-08-15T21:31:20.856779+00:00,0.0,4.45703125,0.640625,0.0
single,2026-08-15T21:31:21.357856+00:00,0.0,4.45703125,0.640625,0.0
single,2026-08-15T21:31:21.858899+00:00,0.0,4.45703125,0.640625,0.0
single,2026-08-15T21:31:22.360089+00:00,0.0,4.45703125,0.640625,0.0
single,2026-08-15T21:31:22.861237+00:00,0.0,4.45703125,0.640625,0.0
single,2026-08-15T21:31:23.362687+00:00,0.0,4.45703125,0.640625,0.0
single,2026-08-15T21:31:23.863839+00:00,0.0,4.45703125,0.640625,0.0
single,2026-08-15T21:31:24.364899+00:00,0.0,4.45703125,0.640625,0.0
single,2026-08-15T21:31:24.866122+00:00,0.0,4.45703125,0.640625,0.0
single,2026-08-15T21:31:25.367455+00:00,0.0,4.45703125,0.640625,0.0
single,2026-08-15T21:31:25.868612+00:00,0.0,4.45703125,0.640625,0.0
single,2026-08-15T21:31:26.369762+00:00,0.0,4.45703125,0.640625,0.0
single,2026-08-15T21:31:26.870870+00:00,0.0,4.45703125,0.640625,0.0
single,2026-08-15T21:31:27.371913+00:00,0.0,4.45703125,0.640625,0.0
single,2026-08-15T21:31:27.872922+00:00,0.0,4.45703125,0.640625,0.0
single,2026-08-15T21:31:28.374115+00:00,0.0,4.45703125,0.640625,0.0
single,2026-08-15T21:31:28.875247+00:00,0.0,4.45703125,0.640625,0.0
single,2026-08-15T21:31:29.376406+00:00,0.0,4.45703125,0.640625,0.0
single,2026-08-15T21:31:29.877566+00:00,0.0,4.45703125,0.640625,0.0
single,2026-08-15T21:31:30.378719+00:00,0.0,4.45703125,0.640625,0.0
single,2026-08-15T21:31:30.879841+00:00,0.0,4.45703125,0.640625,0.0
single,2026-08-15T21:31:31.380925+00:00,0.0,4.45703125,0.640625,0.0
single,2026-08-15T21:31:31.882128+00:00,0.0,4.45703125,0.640625,0.0
single,2026-08-15T21:31:32.383231+00:00,0.0,4.45703125,0.640625,0.0
single,2026-08-15T21:31:32.884440+00:00,0.0,4.45703125,0.640625,0.0
single,2026-08-15T21:31:33.385549+00:00,0.0,4.45703125,0.640625,0.0
single,2026-08-15T21:31:33.886697+00:00,0.0,4.45703125,0.640625,0.0
single,2026-08-15T21:31:34.387821+00:00,0.0,4.45703125,0.640625,0.0
single,2026-08-15T21:31:34.888923+00:00,0.0,4.45703125,0.640625,0.0
single,2026-08-15T21:31:35.390124+00:00,0.0,4.45703125,0.640625,0.0
single,2026-08-15T21:31:35.890639+00:00,0.0,4.45703125,0.640625,0.0
single,2026-08-15T21:31:36.391728+00:00,0.0,4.45703125,0.640625,0.0
single,2026-08-15T21:31:36.892846+00:00,0.0,4.45703125,0.640625,0.0
single,2026-08-15T21:31:37.393901+00:00,0.0,4.45703125,0.640625,0.0
single,2026-08-15T21:31:37.895085+00:00,0.0,4.45703125,0.640625,0.0
single,2026-08-15T21:31:38.396144+00:00,0.0,4.45703125,0.640625,0.0
single,2026-08-15T21:31:38.897355+00:00,0.0,4.45703125,0.640625,0.0
single,2026-08-15T21:31:39.398507+00:00,0.0,4.45703125,0.640625,0.0
single,2026-08-15T21:31:39.899626+00:00,0.0,4.45703125,0.640625,0.0
single,2026-08-15T21:31:40.400744+00:00,0.0,4.45703125,0.640625,0.0
single,2026-08-15T21:31:40.901858+00:00,0.0,4.45703125,0.640625,0.0
single,2026-08-15T21:31:41.402951+00:00,0.0,4.45703125,0.640625,0.0
single,2026-08-15T21:31:41.904148+00:00,0.0,4.45703125,0.640625,0.0
single,2026-08-15T21:31:42.405272+00:00,0.0,4.45703125,0.640625,0.0
single,2026-08-15T21:31:42.906451+00:00,0.0,4.45703125,0.640625,0.0
single,2026-08-15T21:31:43.407549+00:00,0.0,4.45703125,0.640625,0.0
single,2026-08-15T21:31:43.908301+00:00,0.0,4.45703125,0.640625,0.0
single,2026-08-15T21:31:44.409393+00:00,0.0,4.45703125,0.640625,0.0
single,2026-08-15T21:31:44.910540+00:00,0.0,4.45703125,0.640625,0.0
single,2026-08-15T21:31:45.411696+00:00,0.0,4.45703125,0.640625,0.0
single,2026-08-15T21:31:45.912799+00:00,0.0,4.45703125,0.640625,0.0
single,2026-08-15T21:31:46.413883+00:00,0.0,4.45703125,0.640625,0.0
single,2026-08-15T21:31:46.914954+00:00,0.0,4.45703125,0.640625,0.0
single,2026-08-15T21:31:47.416103+00:00,0.0,4.45703125,0.640625,0.0
single,2026-08-15T21:31:47.917258+00:00,0.0,4.45703125,0.640625,0.0
single,2026-08-15T21:31:48.418405+00:00,0.0,4.45703125,0.640625,0.0
single,2026-08-15T21:31:48.919497+00:00,0.0,4.45703125,0.640625,0.0
single,2026-08-15T21:31:49.420635+00:00,0.0,4.45703125,0.640625,0.0
single,2026-08-15T21:31:49.921714+00:00,0.0,4.45703125,0.640625,0.0
single,2026-08-15T21:31:50.422857+00:00,0.0,4.45703125,0.640625,0.0
single,2026-08-15T21:31:50.923908+00:00,0.0,4.45703125,0.640625,0.0
single,2026-08-15T21:31:51.425120+00:00,0.0,4.45703125,0.640625,0.0
single,2026-08-15T21:31:51.926119+00:00,0.0,4.45703125,0.640625,0.0
single,2026-08-15T21:31:52.427312+00:00,0.0,4.45703125,0.640625,0.0
single,2026-08-15T21:31:52.928326+00:00,2.0,4.45703125,0.640625,0.0
single,2026-08-15T21:31:53.429460+00:00,0.0,4.45703125,0.640625,0.0
single,2026-08-15T21:31:53.930632+00:00,0.0,4.45703125,0.640625,0.0
single,2026-08-15T21:31:54.431779+00:00,0.0,4.45703125,0.640625,0.0
single,2026-08-15T21:31:54.932823+00:00,0.0,4.45703125,0.640625,0.0
single,2026-08-15T21:31:55.433864+00:00,0.0,4.45703125,0.640625,0.0
single,2026-08-15T21:31:55.934949+00:00,0.0,4.45703125,0.640625,0.0
single,2026-08-15T21:31:56.436259+00:00,0.0,4.45703125,0.640625,0.0
single,2026-08-15T21:31:56.937399+00:00,0.0,4.45703125,0.640625,0.0
single,2026-08-15T21:31:57.438551+00:00,0.0,4.45703125,0.640625,0.0
single,2026-08-15T21:31:57.939654+00:00,0.0,4.45703125,0.640625,0.0
single,2026-08-15T21:31:58.440766+00:00,0.0,4.45703125,0.640625,0.0
single,2026-08-15T21:31:58.941815+00:00,0.0,4.45703125,0.640625,0.0
single,2026-08-15T21:31:59.442879+00:00,0.0,4.45703125,0.640625,0.0
single,2026-08-15T21:31:59.943962+00:00,0.0,4.45703125,0.640625,0.0
single,2026-08-15T21:32:00.445178+00:00,0.0,4.45703125,0.640625,0.0
single,2026-08-15T21:32:00.946156+00:00,0.0,4.45703125,0.640625,0.0
single,2026-08-15T21:32:01.447338+00:00,0.0,4.45703125,0.640625,0.0
single,2026-08-15T21:32:01.948386+00:00,0.0,4.45703125,0.640625,0.0
single,2026-08-15T21:32:02.449544+00:00,0.0,4.45703125,0.640625,0.0
single,2026-08-15T21:32:02.950499+00:00,0.0,4.45703125,0.640625,0.0
single,2026-08-15T21:32:03.451754+00:00,0.0,4.45703125,0.640625,0.0
single,2026-08-15T21:32:03.952848+00:00,0.0,4.45703125,0.640625,0.0
single,2026-08-15T21:32:04.453935+00:00,0.0,4.45703125,0.640625,0.0
single,2026-08-15T21:32:04.955275+00:00,0.0,4.45703125,0.640625,0.0
single,2026-08-15T21:32:05.456443+00:00,0.0,4.45703125,0.640625,0.0
single,2026-08-15T21:32:05.957951+00:00,0.0,4.45703125,0.640625,0.0
single,2026-08-15T21:32:06.459246+00:00,0.0,4.45703125,0.640625,0.0
single,2026-08-15T21:32:06.960590+00:00,0.0,4.45703125,0.640625,0.0
single,2026-08-15T21:32:07.461788+00:00,0.0,4.45703125,0.640625,0.0
single,2026-08-15T21:32:07.962961+00:00,0.0,4.45703125,0.640625,0.0
single,2026-08-15T21:32:08.464252+00:00,0.0,4.45703125,0.640625,0.0
single,2026-08-15T21:32:08.965453+00:00,0.0,4.45703125,0.640625,0.0
single,2026-08-15T21:32:09.466660+00:00,0.0,4.45703125,0.640625,0.0
single,2026-08-15T21:32:09.967775+00:00,0.0,4.45703125,0.640625,0.0
single,2026-08-15T21:32:10.468856+00:00,0.0,4.45703125,0.640625,0.0
single,2026-08-15T21:32:10.969924+00:00,0.0,4.45703125,0.640625,0.0
single,2026-08-15T21:32:11.471139+00:00,0.0,4.45703125,0.640625,0.0
single,2026-08-15T21:32:11.972349+00:00,0.0,4.45703125,0.640625,0.0
single,2026-08-15T21:32:12.473620+00:00,0.0,4.45703125,0.640625,0.0
single,2026-08-15T21:32:12.974746+00:00,0.0,4.45703125,0.640625,0.0
single,2026-08-15T21:32:13.475868+00:00,0.0,4.45703125,0.640625,0.0
single,2026-08-15T21:32:13.977030+00:00,0.0,4.45703125,0.640625,0.0
single,2026-08-15T21:32:14.478161+00:00,0.0,4.45703125,0.640625,0.0
single,2026-08-15T21:32:14.979316+00:00,0.0,4.45703125,0.640625,0.0
single,2026-08-15T21:32:15.480461+00:00,0.0,4.45703125,0.640625,0.0
single,2026-08-15T21:32:15.981603+00:00,0.0,4.45703125,0.640625,0.0
single,2026-08-15T21:32:16.482739+00:00,0.0,4.45703125,0.640625,0.0
single,2026-08-15T21:32:16.983873+00:00,0.0,4.45703125,0.640625,0.0
single,2026-08-15T21:32:17.485211+00:00,0.0,4.45703125,0.640625,0.0
single,2026-08-15T21:32:17.986365+00:00,0.0,4.45703125,0.640625,0.0
single,2026-08-15T21:32:18.487421+00:00,0.0,4.45703125,0.640625,0.0
single,2026-08-15T21:32:18.988617+00:00,0.0,4.45703125,0.640625,0.0
single,2026-08-15T21:32:19.489565+00:00,0.0,4.45703125,0.640625,0.0
single,2026-08-15T21:32:19.990683+00:00,0.0,4.45703125,0.640625,0.0
single,2026-08-15T21:32:20.491813+00:00,0.0,4.45703125,0.640625,0.0
single,2026-08-15T21:32:20.992902+00:00,0.0,4.45703125,0.640625,0.0
single,2026-08-15T21:32:21.494119+00:00,0.0,4.45703125,0.640625,0.0
single,2026-08-15T21:32:21.995358+00:00,0.0,4.45703125,0.640625,0.0
single,2026-08-15T21:32:22.496508+00:00,0.0,4.45703125,0.640625,0.0
single,2026-08-15T21:32:22.997650+00:00,0.0,4.45703125,0.640625,0.0
single,2026-08-15T21:32:23.498816+00:00,0.0,4.45703125,0.640625,0.0
single,2026-08-15T21:32:23.999902+00:00,0.0,4.45703125,0.640625,0.0
single,2026-08-15T21:32:24.501117+00:00,0.0,4.45703125,0.640625,0.0
single,2026-08-15T21:32:25.002303+00:00,0.0,4.45703125,0.640625,0.0
single,2026-08-15T21:32:25.503447+00:00,0.0,4.45703125,0.640625,0.0
single,2026-08-15T21:32:26.004014+00:00,0.0,4.45703125,0.640625,0.0
single,2026-08-15T21:32:26.504481+00:00,0.0,4.45703125,0.640625,0.0
single,2026-08-15T21:32:27.005557+00:00,0.0,4.45703125,0.640625,0.0
single,2026-08-15T21:32:27.506667+00:00,0.0,4.45703125,0.640625,0.0
single,2026-08-15T21:32:28.007793+00:00,0.0,4.45703125,0.640625,0.0
single,2026-08-15T21:32:28.508877+00:00,0.0,4.45703125,0.640625,0.0
single,2026-08-15T21:32:29.009959+00:00,0.0,4.45703125,0.640625,0.0
single,2026-08-15T21:32:29.511177+00:00,0.0,4.45703125,0.640625,0.0
single,2026-08-15T21:32:30.012240+00:00,0.0,4.45703125,0.640625,0.0
single,2026-08-15T21:32:30.513393+00:00,0.0,4.45703125,0.640625,0.0
single,2026-08-15T21:32:31.014538+00:00,0.0,4.45703125,0.640625,0.0
single,2026-08-15T21:32:31.515622+00:00,0.0,4.45703125,0.640625,0.0
single,2026-08-15T21:32:32.016811+00:00,0.0,4.45703125,0.640625,0.0
single,2026-08-15T21:32:32.517875+00:00,0.0,4.45703125,0.640625,0.0
single,2026-08-15T21:32:33.019039+00:00,0.0,4.45703125,0.640625,0.0
single,2026-08-15T21:32:33.520228+00:00,0.0,4.45703125,0.640625,0.0
single,2026-08-15T21:32:34.021384+00:00,0.0,4.45703125,0.640625,0.0
single,2026-08-15T21:32:34.522546+00:00,0.0,4.45703125,0.640625,0.0
single,2026-08-15T21:32:35.023680+00:00,0.0,4.45703125,0.640625,0.0
single,2026-08-15T21:32:35.524773+00:00,0.0,4.45703125,0.640625,0.0
single,2026-08-15T21:32:36.025345+00:00,0.0,4.45703125,0.640625,0.0
single,2026-08-15T21:32:36.526468+00:00,0.0,4.45703125,0.640625,0.0
single,2026-08-15T21:32:37.027621+00:00,0.0,4.45703125,0.640625,0.0
single,2026-08-15T21:32:37.528835+00:00,0.0,4.45703125,0.640625,0.0
single,2026-08-15T21:32:38.029926+00:00,0.0,4.45703125,0.640625,0.0
single,2026-08-15T21:32:38.531174+00:00,0.0,4.45703125,0.640625,0.0
single,2026-08-15T21:32:39.032361+00:00,0.0,4.45703125,0.640625,0.0
single,2026-08-15T21:32:39.533659+00:00,0.0,4.45703125,0.640625,0.0
single,2026-08-15T21:32:40.034893+00:00,0.0,4.45703125,0.640625,0.0
single,2026-08-15T21:32:40.536055+00:00,0.0,4.45703125,0.640625,0.0
single,2026-08-15T21:32:41.037175+00:00,0.0,4.45703125,0.640625,0.0
single,2026-08-15T21:32:41.538329+00:00,0.0,4.45703125,0.640625,0.0
single,2026-08-15T21:32:42.039495+00:00,0.0,4.45703125,0.640625,0.0
single,2026-08-15T21:32:42.540609+00:00,0.0,4.45703125,0.640625,0.0
single,2026-08-15T21:32:43.041750+00:00,0.0,4.45703125,0.640625,0.0
single,2026-08-15T21:32:43.542878+00:00,0.0,4.45703125,0.640625,0.0
single,2026-08-15T21:32:44.043966+00:00,0.0,4.45703125,0.640625,0.0
single,2026-08-15T21:32:44.545170+00:00,0.0,4.45703125,0.640625,0.0
single,2026-08-15T21:32:45.046324+00:00,0.0,4.45703125,0.640625,0.0
single,2026-08-15T21:32:45.547522+00:00,0.0,4.45703125,0.640625,0.0
single,2026-08-15T21:32:46.048660+00:00,0.0,4.45703125,0.640625,0.0
single,2026-08-15T21:32:46.549782+00:00,0.0,4.45703125,0.640625,0.0
single,2026-08-15T21:32:47.050906+00:00,0.0,4.45703125,0.640625,0.0
single,2026-08-15T21:32:47.552115+00:00,0.0,4.45703125,0.640625,0.0
single,2026-08-15T21:32:48.053249+00:00,0.0,4.45703125,0.640625,0.0
single,2026-08-15T21:32:48.554425+00:00,0.0,4.45703125,0.640625,0.0
single,2026-08-15T21:32:49.055682+00:00,0.0,4.45703125,0.640625,0.0
single,2026-08-15T21:32:49.556829+00:00,0.0,4.45703125,0.640625,0.0
single,2026-08-15T21:32:50.057933+00:00,0.0,4.45703125,0.640625,0.0
single,2026-08-15T21:32:50.559177+00:00,0.0,4.45703125,0.640625,0.0
single,2026-08-15T21:32:51.060332+00:00,0.0,4.45703125,0.640625,0.0
single,2026-08-15T21:32:51.561512+00:00,0.0,4.45703125,0.640625,0.0
single,2026-08-15T21:32:52.062726+00:00,0.0,4.45703125,0.640625,0.0
single,2026-08-15T21:32:52.563847+00:00,0.0,4.45703125,0.640625,0.0
single,2026-08-15T21:32:53.064932+00:00,0.0,4.45703125,0.640625,0.0
single,2026-08-15T21:32:53.566255+00:00,0.0,4.45703125,0.640625,0.0
single,2026-08-15T21:32:54.067329+00:00,0.0,4.45703125,0.640625,0.0
single,2026-08-15T21:32:54.568275+00:00,0.0,4.45703125,0.640625,0.0
single,2026-08-15T21:32:55.069227+00:00,0.0,4.45703125,0.640625,0.0
single,2026-08-15T21:32:55.570251+00:00,0.0,4.45703125,0.640625,0.0
single,2026-08-15T21:32:56.071218+00:00,0.0,4.45703125,0.640625,0.0
single,2026-08-15T21:32:56.572012+00:00,0.0,4.45703125,0.640625,0.0
single,2026-08-15T21:32:57.072887+00:00,0.0,4.45703125,0.640625,0.0
single,2026-08-15T21:32:57.573828+00:00,0.0,4.45703125,0.640625,0.0
single,2026-08-15T21:32:58.074823+00:00,0.0,4.45703125,0.640625,0.0
single,2026-08-15T21:32:58.575889+00:00,0.0,4.45703125,0.640625,0.0
single,2026-08-15T21:32:59.077021+00:00,0.0,4.45703125,0.640625,0.0
single,2026-08-15T21:32:59.578161+00:00,0.0,4.45703125,0.640625,0.0
single,2026-08-15T21:33:00.079283+00:00,0.0,4.45703125,0.640625,0.0
single,2026-08-15T21:33:00.580429+00:00,0.0,4.45703125,0.640625,0.0
single,2026-08-15T21:33:01.080965+00:00,0.0,4.45703125,0.640625,0.0
single,2026-08-15T21:33:01.582015+00:00,0.0,4.45703125,0.640625,0.0
single,2026-08-15T21:33:02.083221+00:00,0.0,4.45703125,0.640625,0.0
single,2026-08-15T21:33:02.584372+00:00,0.0,4.45703125,0.640625,0.0
single,2026-08-15T21:33:03.085533+00:00,0.0,4.45703125,0.640625,0.0
single,2026-08-15T21:33:03.586647+00:00,0.0,4.45703125,0.640625,0.0
single,2026-08-15T21:33:04.087782+00:00,0.0,4.45703125,0.640625,0.0
single,2026-08-15T21:33:04.588882+00:00,0.0,4.45703125,0.640625,0.0
single,2026-08-15T21:33:05.089919+00:00,0.0,4.45703125,0.640625,0.0
single,2026-08-15T21:33:05.591223+00:00,0.0,4.45703125,0.640625,0.0
single,2026-08-15T21:33:06.092500+00:00,0.0,4.45703125,0.640625,0.0
single,2026-08-15T21:33:06.593617+00:00,0.0,4.45703125,0.640625,0.0
single,2026-08-15T21:33:07.094732+00:00,0.0,4.45703125,0.640625,0.0
single,2026-08-15T21:33:07.595857+00:00,0.0,4.45703125,0.640625,0.0
single,2026-08-15T21:33:08.096892+00:00,0.0,4.45703125,0.640625,0.0
single,2026-08-15T21:33:08.598103+00:00,0.0,4.45703125,0.640625,0.0
single,2026-08-15T21:33:09.099320+00:00,0.0,4.45703125,0.640625,0.0
single,2026-08-15T21:33:09.600518+00:00,0.0,4.45703125,0.640625,0.0
single,2026-08-15T21:33:10.101680+00:00,0.0,4.45703125,0.640625,0.0
single,2026-08-15T21:33:10.602870+00:00,0.0,4.45703125,0.640625,0.0
single,2026-08-15T21:33:11.104084+00:00,0.0,4.45703125,0.640625,0.0
single,2026-08-15T21:33:11.605257+00:00,0.0,4.45703125,0.640625,0.0
single,2026-08-15T21:33:12.106422+00:00,0.0,4.45703125,0.640625,0.0
single,2026-08-15T21:33:12.607586+00:00,0.0,4.45703125,0.640625,0.0
single,2026-08-15T21:33:13.108744+00:00,0.0,4.45703125,0.640625,0.0
single,2026-08-15T21:33:13.609879+00:00,0.0,4.45703125,0.640625,0.0
single,2026-08-15T21:33:14.110952+00:00,0.0,4.45703125,0.640625,0.0
single,2026-08-15T21:33:14.612165+00:00,0.0,4.45703125,0.640625,0.0
single,2026-08-15T21:33:15.113384+00:00,0.0,4.45703125,0.640625,0.0
single,2026-08-15T21:33:15.614567+00:00,0.0,4.45703125,0.640625,0.0
single,2026-08-15T21:33:16.115687+00:00,0.0,4.45703125,0.640625,0.0
single,2026-08-15T21:33:16.616922+00:00,0.0,4.45703125,0.640625,0.0
single,2026-08-15T21:33:17.118110+00:00,0.0,4.45703125,0.640625,0.0
single,2026-08-15T21:33:17.619255+00:00,0.0,4.45703125,0.640625,0.0
single,2026-08-15T21:33:18.120406+00:00,0.0,4.45703125,0.640625,0.0
single,2026-08-15T21:33:18.621509+00:00,0.0,4.45703125,0.640625,0.0
single,2026-08-15T21:33:19.122656+00:00,0.0,4.45703125,0.640625,0.0
single,2026-08-15T21:33:19.623847+00:00,0.0,4.45703125,0.640625,0.0
single,2026-08-15T21:33:20.124914+00:00,0.0,4.45703125,0.640625,0.0
single,2026-08-15T21:33:20.626121+00:00,0.0,4.45703125,0.640625,0.0
single,2026-08-15T21:33:21.127282+00:00,0.0,4.45703125,0.640625,0.0
single,2026-08-15T21:33:21.628401+00:00,0.0,4.45703125,0.640625,0.0
single,2026-08-15T21:33:22.129339+00:00,0.0,4.45703125,0.640625,0.0
single,2026-08-15T21:33:22.630475+00:00,0.0,4.45703125,0.640625,0.0
single,2026-08-15T21:33:23.131424+00:00,0.0,4.45703125,0.640625,0.0
single,2026-08-15T21:33:23.632531+00:00,0.0,4.45703125,0.640625,0.0
single,2026-08-15T21:33:24.133671+00:00,0.0,4.45703125,0.640625,0.0
single,2026-08-15T21:33:24.634787+00:00,0.0,4.45703125,0.640625,0.0
single,2026-08-15T21:33:25.135881+00:00,0.0,4.45703125,0.640625,0.0
single,2026-08-15T21:33:25.636927+00:00,0.0,4.45703125,0.640625,0.0
single,2026-08-15T21:33:26.138124+00:00,0.0,4.45703125,0.640625,0.0
single,2026-08-15T21:33:26.639219+00:00,0.0,4.45703125,0.640625,0.0
single,2026-08-15T21:33:27.139792+00:00,0.0,4.45703125,0.640625,0.0
single,2026-08-15T21:33:27.640284+00:00,0.0,4.45703125,0.640625,0.0
single,2026-08-15T21:33:28.141402+00:00,0.0,4.45703125,0.640625,0.0
single,2026-08-15T21:33:28.642582+00:00,2.0,4.45703125,0.640625,0.0
single,2026-08-15T21:33:29.143755+00:00,0.0,4.45703125,0.640625,0.0
single,2026-08-15T21:33:29.644882+00:00,0.0,4.45703125,0.640625,0.0
single,2026-08-15T21:33:30.146026+00:00,0.0,4.45703125,0.640625,0.0
single,2026-08-15T21:33:30.647204+00:00,0.0,4.45703125,0.640625,0.0
single,2026-08-15T21:33:31.148351+00:00,0.0,4.45703125,0.640625,0.0
single,2026-08-15T21:33:31.649596+00:00,0.0,4.45703125,0.640625,0.0
single,2026-08-15T21:33:32.150195+00:00,0.0,4.45703125,0.640625,0.0
single,2026-08-15T21:33:32.650705+00:00,0.0,4.45703125,0.640625,0.0
single,2026-08-15T21:33:33.151808+00:00,0.0,4.45703125,0.640625,0.0
single,2026-08-15T21:33:33.652904+00:00,0.0,4.45703125,0.640625,0.0
single,2026-08-15T21:33:34.154152+00:00,0.0,4.45703125,0.640625,0.0
single,2026-08-15T21:33:34.655323+00:00,0.0,4.45703125,0.640625,0.0
single,2026-08-15T21:33:35.156488+00:00,0.0,4.45703125,0.640625,0.0
single,2026-08-15T21:33:35.657668+00:00,0.0,4.45703125,0.640625,0.0
single,2026-08-15T21:33:36.158241+00:00,0.0,4.45703125,0.640625,0.0
single,2026-08-15T21:33:36.659384+00:00,0.0,4.45703125,0.640625,0.0
single,2026-08-15T21:33:37.160523+00:00,0.0,4.45703125,0.640625,0.0
single,2026-08-15T21:33:37.661664+00:00,0.0,4.45703125,0.640625,0.0
single,2026-08-15T21:33:38.162791+00:00,0.0,4.45703125,0.640625,0.0
single,2026-08-15T21:33:38.663875+00:00,0.0,4.45703125,0.640625,0.0
single,2026-08-15T21:33:39.165028+00:00,0.0,4.45703125,0.640625,0.0
single,2026-08-15T21:33:39.666194+00:00,0.0,4.45703125,0.640625,0.0
single,2026-08-15T21:33:40.167342+00:00,0.0,4.45703125,0.640625,0.0
single,2026-08-15T21:33:40.668413+00:00,0.0,4.45703125,0.640625,0.0
single,2026-08-15T21:33:41.169547+00:00,0.0,4.45703125,0.640625,0.0
single,2026-08-15T21:33:41.670680+00:00,0.0,4.45703125,0.640625,0.0
single,2026-08-15T21:33:42.171736+00:00,0.0,4.45703125,0.640625,0.0
single,2026-08-15T21:33:42.672853+00:00,0.0,4.45703125,0.640625,0.0
single,2026-08-15T21:33:43.174485+00:00,0.0,4.45703125,0.640625,0.0
single,2026-08-15T21:33:43.675684+00:00,0.0,4.45703125,0.640625,0.0
single,2026-08-15T21:33:44.176825+00:00,0.0,4.45703125,0.640625,0.0
single,2026-08-15T21:33:44.677917+00:00,0.0,4.45703125,0.640625,0.0
single,2026-08-15T21:33:45.178530+00:00,0.0,4.45703125,0.640625,0.0
single,2026-08-15T21:33:45.679623+00:00,0.0,4.45703125,0.640625,0.0
single,2026-08-15T21:33:46.180785+00:00,0.0,4.45703125,0.640625,0.0
single,2026-08-15T21:33:46.682076+00:00,0.0,4.45703125,0.640625,0.0
single,2026-08-15T21:33:47.183245+00:00,0.0,4.45703125,0.640625,0.0
single,2026-08-15T21:33:47.684436+00:00,0.0,4.45703125,0.640625,0.0
single,2026-08-15T21:33:48.185617+00:00,0.0,4.45703125,0.640625,0.0
single,2026-08-15T21:33:48.686776+00:00,0.0,4.45703125,0.640625,0.0
single,2026-08-15T21:33:49.187842+00:00,0.0,4.45703125,0.640625,0.0
single,2026-08-15T21:33:49.688953+00:00,0.0,4.45703125,0.640625,0.0
single,2026-08-15T21:33:50.190218+00:00,0.0,4.45703125,0.640625,0.0
single,2026-08-15T21:33:50.691399+00:00,0.0,4.45703125,0.640625,0.0
single,2026-08-15T21:33:51.192573+00:00,0.0,4.45703125,0.640625,0.0
single,2026-08-15T21:33:51.693727+00:00,0.0,4.45703125,0.640625,0.0
single,2026-08-15T21:33:52.194857+00:00,0.0,4.45703125,0.640625,0.0
single,2026-08-15T21:33:52.695951+00:00,0.0,4.45703125,0.640625,0.0
single,2026-08-15T21:33:53.197223+00:00,0.0,4.45703125,0.640625,0.0
single,2026-08-15T21:33:53.698322+00:00,0.0,4.45703125,0.640625,0.0
single,2026-08-15T21:33:54.199500+00:00,0.0,4.45703125,0.640625,0.0
single,2026-08-15T21:33:54.700648+00:00,0.0,4.45703125,0.640625,0.0
single,2026-08-15T21:33:55.201794+00:00,0.0,4.45703125,0.640625,0.0
single,2026-08-15T21:33:55.702881+00:00,0.0,4.45703125,0.640625,0.0
single,2026-08-15T21:33:56.203947+00:00,0.0,4.45703125,0.640625,0.0
single,2026-08-15T21:33:56.705057+00:00,0.0,4.45703125,0.640625,0.0
single,2026-08-15T21:33:57.206039+00:00,0.0,4.45703125,0.640625,0.0
single,2026-08-15T21:33:57.707239+00:00,0.0,4.45703125,0.640625,0.0
single,2026-08-15T21:33:58.208441+00:00,0.0,4.45703125,0.640625,0.0
single,2026-08-15T21:33:58.709593+00:00,0.0,4.45703125,0.640625,0.0
single,2026-08-15T21:33:59.210774+00:00,0.0,4.45703125,0.640625,0.0
single,2026-08-15T21:33:59.711859+00:00,0.0,4.45703125,0.640625,0.0
single,2026-08-15T21:34:00.212907+00:00,0.0,4.45703125,0.640625,0.0
single,2026-08-15T21:34:00.714095+00:00,0.0,4.45703125,0.640625,0.0
single,2026-08-15T21:34:01.215245+00:00,0.0,4.45703125,0.640625,0.0
single,2026-08-15T21:34:01.716388+00:00,0.0,4.45703125,0.640625,0.0
single,2026-08-15T21:34:02.217527+00:00,0.0,4.45703125,0.640625,0.0
single,2026-08-15T21:34:02.718770+00:00,0.0,4.45703125,0.640625,0.0
single,2026-08-15T21:34:03.219860+00:00,0.0,4.45703125,0.640625,0.0
single,2026-08-15T21:34:03.720951+00:00,0.0,4.45703125,0.640625,0.0
single,2026-08-15T21:34:04.222154+00:00,0.0,4.45703125,0.640625,0.0
single,2026-08-15T21:34:04.723129+00:00,0.0,4.45703125,0.640625,0.0
single,2026-08-15T21:34:05.224490+00:00,0.0,4.45703125,0.640625,0.0
single,2026-08-15T21:34:05.725462+00:00,0.0,4.45703125,0.640625,0.0
single,2026-08-15T21:34:06.226681+00:00,0.0,4.45703125,0.640625,0.0
single,2026-08-15T21:34:06.728017+00:00,0.0,4.45703125,0.640625,0.0
single,2026-08-15T21:34:07.229247+00:00,0.0,4.45703125,0.640625,0.0
single,2026-08-15T21:34:07.730471+00:00,0.0,4.45703125,0.640625,0.0
single,2026-08-15T21:34:08.231454+00:00,2.0,4.45703125,0.640625,0.0
single,2026-08-15T21:34:08.732436+00:00,0.0,4.45703125,0.640625,0.0
single,2026-08-15T21:34:09.233391+00:00,0.0,4.45703125,0.640625,0.0
single,2026-08-15T21:34:09.734324+00:00,0.0,4.45703125,0.640625,0.0
single,2026-08-15T21:34:10.235252+00:00,0.0,4.45703125,0.640625,0.0
single,2026-08-15T21:34:10.736166+00:00,0.0,4.45703125,0.640625,0.0
single,2026-08-15T21:34:11.237101+00:00,0.0,4.45703125,0.640625,0.0
single,2026-08-15T21:34:11.738023+00:00,0.0,4.45703125,0.640625,0.0
single,2026-08-15T21:34:12.238615+00:00,0.0,4.45703125,0.640625,0.0
single,2026-08-15T21:34:12.739524+00:00,0.0,4.45703125,0.640625,0.0
single,2026-08-15T21:34:13.240503+00:00,0.0,4.45703125,0.640625,0.0
single,2026-08-15T21:34:13.741496+00:00,0.0,4.45703125,0.640625,0.0
single,2026-08-15T21:34:14.242487+00:00,0.0,4.45703125,0.640625,0.0
single,2026-08-15T21:34:14.743445+00:00,0.0,4.45703125,0.640625,0.0
single,2026-08-15T21:34:15.244370+00:00,0.0,4.45703125,0.640625,0.0
single,2026-08-15T21:34:15.745325+00:00,0.0,4.45703125,0.640625,0.0
single,2026-08-15T21:34:16.246272+00:00,0.0,4.45703125,0.640625,0.0
single,2026-08-15T21:34:16.747203+00:00,0.0,4.45703125,0.640625,0.0
single,2026-08-15T21:34:17.247946+00:00,0.0,4.45703125,0.640625,0.0
single,2026-08-15T21:34:17.748865+00:00,0.0,4.45703125,0.640625,0.0
single,2026-08-15T21:34:18.249790+00:00,0.0,4.45703125,0.640625,0.0
single,2026-08-15T21:34:18.750765+00:00,0.0,4.45703125,0.640625,0.0
single,2026-08-15T21:34:19.251712+00:00,0.0,4.45703125,0.640625,0.0
single,2026-08-15T21:34:19.752658+00:00,0.0,4.45703125,0.640625,0.0
single,2026-08-15T21:34:20.253594+00:00,0.0,4.45703125,0.640625,0.0
single,2026-08-15T21:34:20.754565+00:00,0.0,4.45703125,0.640625,0.0
single,2026-08-15T21:34:21.255471+00:00,0.0,4.45703125,0.640625,0.0
single,2026-08-15T21:34:21.756418+00:00,0.0,4.45703125,0.640625,0.0
single,2026-08-15T21:34:22.256911+00:00,0.0,4.45703125,0.640625,0.0
single,2026-08-15T21:34:22.757853+00:00,0.0,4.45703125,0.640625,0.0
single,2026-08-15T21:34:23.258800+00:00,0.0,4.45703125,0.640625,0.0
single,2026-08-15T21:34:23.759766+00:00,0.0,4.45703125,0.640625,0.0
single,2026-08-15T21:34:24.260724+00:00,0.0,4.45703125,0.640625,0.0
single,2026-08-15T21:34:24.761682+00:00,0.0,4.45703125,0.640625,0.0
single,2026-08-15T21:34:25.262645+00:00,0.0,4.45703125,0.640625,0.0
single,2026-08-15T21:34:25.763615+00:00,0.0,4.45703125,0.640625,0.0
single,2026-08-15T21:34:26.264569+00:00,0.0,4.45703125,0.640625,0.0
single,2026-08-15T21:34:26.765543+00:00,0.0,4.45703125,0.640625,0.0
single,2026-08-15T21:34:27.266181+00:00,0.0,4.45703125,0.640625,0.0
single,2026-08-15T21:34:27.767065+00:00,0.0,4.45703125,0.640625,0.0
single,2026-08-15T21:34:28.267575+00:00,0.0,4.45703125,0.640625,0.0
single,2026-08-15T21:34:28.768450+00:00,0.0,4.45703125,0.640625,0.0
single,2026-08-15T21:34:29.269351+00:00,0.0,4.45703125,0.640625,0.0
single,2026-08-15T21:34:29.770305+00:00,0.0,4.45703125,0.640625,0.0
single,2026-08-15T21:34:30.271333+00:00,0.0,4.45703125,0.640625,0.0
single,2026-08-15T21:34:30.772381+00:00,0.0,4.45703125,0.640625,0.0
single,2026-08-15T21:34:31.273475+00:00,0.0,4.45703125,0.640625,0.0
single,2026-08-15T21:34:31.774508+00:00,0.0,4.45703125,0.640625,0.0
single,2026-08-15T21:34:32.275496+00:00,0.0,4.45703125,0.640625,0.0
single,2026-08-15T21:34:32.776512+00:00,0.0,4.45703125,0.640625,0.0
single,2026-08-15T21:34:33.277147+00:00,0.0,4.45703125,0.640625,0.0
single,2026-08-15T21:34:33.778059+00:00,0.0,4.45703125,0.640625,0.0
single,2026-08-15T21:34:34.278841+00:00,0.0,4.45703125,0.640625,0.0
single,2026-08-15T21:34:34.779792+00:00,0.0,4.45703125,0.640625,0.0
single,2026-08-15T21:34:35.280757+00:00,0.0,4.45703125,0.640625,0.0
single,2026-08-15T21:34:35.781888+00:00,0.0,4.45703125,0.640625,0.0
single,2026-08-15T21:34:36.282450+00:00,0.0,4.45703125,0.640625,0.0
single,2026-08-15T21:34:36.783376+00:00,0.0,4.45703125,0.640625,0.0
single,2026-08-15T21:34:37.284131+00:00,0.0,4.45703125,0.640625,0.0
single,2026-08-15T21:34:37.785185+00:00,0.0,4.45703125,0.640625,0.0
single,2026-08-15T21:34:38.286147+00:00,0.0,4.45703125,0.640625,0.0
single,2026-08-15T21:34:38.787266+00:00,0.0,4.45703125,0.640625,0.0
single,2026-08-15T21:34:39.288433+00:00,0.0,4.45703125,0.640625,0.0
single,2026-08-15T21:34:39.789518+00:00,0.0,4.45703125,0.640625,0.0
single,2026-08-15T21:34:40.290472+00:00,0.0,4.45703125,0.640625,0.0
single,2026-08-15T21:34:40.791523+00:00,0.0,4.45703125,0.640625,0.0
single,2026-08-15T21:34:41.292481+00:00,0.0,4.45703125,0.640625,0.0
single,2026-08-15T21:34:41.793439+00:00,0.0,4.45703125,0.640625,0.0
single,2026-08-15T21:34:42.294575+00:00,0.0,4.45703125,0.640625,0.0
single,2026-08-15T21:34:42.795662+00:00,0.0,4.45703125,0.640625,0.0
single,2026-08-15T21:34:43.296613+00:00,0.0,4.45703125,0.640625,0.0
single,2026-08-15T21:34:43.797897+00:00,0.0,4.45703125,0.640625,0.0
single,2026-08-15T21:34:44.298912+00:00,0.0,4.45703125,0.640625,0.0
single,2026-08-15T21:34:44.800078+00:00,0.0,4.45703125,0.640625,0.0
single,2026-08-15T21:34:45.301226+00:00,0.0,4.45703125,0.640625,0.0
single,2026-08-15T21:34:45.802123+00:00,0.0,4.45703125,0.640625,0.0
single,2026-08-15T21:34:46.303341+00:00,0.0,4.45703125,0.640625,0.0
single,2026-08-15T21:34:46.804564+00:00,0.0,4.45703125,0.640625,0.0
single,2026-08-15T21:34:47.305417+00:00,0.0,4.45703125,0.640625,0.0
single,2026-08-15T21:34:47.806334+00:00,0.0,4.45703125,0.640625,0.0
single,2026-08-15T21:34:48.307282+00:00,0.0,4.45703125,0.640625,0.0
single,2026-08-15T21:34:48.808220+00:00,0.0,4.45703125,0.640625,0.0
single,2026-08-15T21:34:49.309152+00:00,0.0,4.45703125,0.640625,0.0
single,2026-08-15T21:34:49.810118+00:00,0.0,4.45703125,0.640625,0.0
single,2026-08-15T21:34:50.311076+00:00,0.0,4.45703125,0.640625,0.0
single,2026-08-15T21:34:50.812041+00:00,0.0,4.45703125,0.640625,0.0
single,2026-08-15T21:34:51.313051+00:00,0.0,4.45703125,0.640625,0.0
single,2026-08-15T21:34:51.814023+00:00,0.0,4.45703125,0.640625,0.0
single,2026-08-15T21:34:52.314657+00:00,0.0,4.45703125,0.640625,0.0
single,2026-08-15T21:34:52.815575+00:00,0.0,4.45703125,0.640625,0.0
single,2026-08-15T21:34:53.316120+00:00,0.0,4.45703125,0.640625,0.0
single,2026-08-15T21:34:53.817037+00:00,0.0,4.45703125,0.640625,0.0
single,2026-08-15T21:34:54.318037+00:00,0.0,4.45703125,0.640625,0.0
single,2026-08-15T21:34:54.819023+00:00,0.0,4.45703125,0.640625,0.0
single,2026-08-15T21:34:55.319533+00:00,0.0,4.45703125,0.640625,0.0
single,2026-08-15T21:34:55.820516+00:00,0.0,4.45703125,0.640625,0.0
single,2026-08-15T21:34:56.321062+00:00,0.0,4.45703125,0.640625,0.0
single,2026-08-15T21:34:56.821951+00:00,0.0,4.45703125,0.640625,0.0
single,2026-08-15T21:34:57.322505+00:00,0.0,4.45703125,0.640625,0.0
single,2026-08-15T21:34:57.823123+00:00,0.0,4.45703125,0.640625,0.0
single,2026-08-15T21:34:58.323897+00:00,0.0,4.45703125,0.640625,0.0
single,2026-08-15T21:34:58.824482+00:00,0.0,4.45703125,0.640625,0.0
single,2026-08-15T21:34:59.325599+00:00,0.0,4.45703125,0.640625,0.0
single,2026-08-15T21:34:59.826258+00:00,0.0,4.45703125,0.640625,0.0
single,2026-08-15T21:35:00.327433+00:00,0.0,4.45703125,0.640625,0.0
single,2026-08-15T21:35:00.828069+00:00,0.0,4.45703125,0.640625,0.0
single,2026-08-15T21:35:01.329238+00:00,0.0,4.45703125,0.640625,0.0
single,2026-08-15T21:35:01.829888+00:00,0.0,4.45703125,0.640625,0.0
single,2026-08-15T21:35:02.330795+00:00,0.0,4.45703125,0.640625,0.0
single,2026-08-15T21:35:02.831462+00:00,0.0,4.45703125,0.640625,0.0
single,2026-08-15T21:35:03.332079+00:00,0.0,4.45703125,0.640625,0.0
single,2026-08-15T21:35:03.832663+00:00,0.0,4.45703125,0.640625,0.0
single,2026-08-15T21:35:04.333274+00:00,0.0,4.45703125,0.640625,0.0
single,2026-08-15T21:35:04.833839+00:00,0.0,4.45703125,0.640625,0.0
single,2026-08-15T21:35:05.334451+00:00,0.0,4.45703125,0.640625,0.0
single,2026-08-15T21:35:05.835391+00:00,0.0,4.45703125,0.640625,0.0
single,2026-08-15T21:35:06.336372+00:00,0.0,4.45703125,0.640625,0.0
single,2026-08-15T21:35:06.837334+00:00,0.0,4.45703125,0.640625,0.0
single,2026-08-15T21:35:07.337934+00:00,0.0,4.45703125,0.640625,0.0
single,2026-08-15T21:35:07.838865+00:00,0.0,4.45703125,0.640625,0.0
single,2026-08-15T21:35:08.339598+00:00,0.0,4.45703125,0.640625,0.0
single,2026-08-15T21:35:08.840511+00:00,0.0,4.45703125,0.640625,0.0
single,2026-08-15T21:35:09.341182+00:00,0.0,4.45703125,0.640625,0.0
single,2026-08-15T21:35:09.842045+00:00,0.0,4.45703125,0.640625,0.0
single,2026-08-15T21:35:10.343116+00:00,0.0,4.45703125,0.640625,0.0
single,2026-08-15T21:35:10.844220+00:00,0.0,4.45703125,0.640625,0.0
single,2026-08-15T21:35:11.344783+00:00,0.0,4.45703125,0.640625,0.0
single,2026-08-15T21:35:11.845552+00:00,0.0,4.45703125,0.640625,0.0
single,2026-08-15T21:35:12.346071+00:00,0.0,4.45703125,0.640625,0.0
single,2026-08-15T21:35:12.846961+00:00,0.0,4.45703125,0.640625,0.0
single,2026-08-15T21:35:13.347921+00:00,0.0,4.45703125,0.640625,0.0
single,2026-08-15T21:35:13.848890+00:00,0.0,4.45703125,0.640625,0.0
single,2026-08-15T21:35:14.349813+00:00,0.0,4.45703125,0.640625,0.0
single,2026-08-15T21:35:14.850770+00:00,0.0,4.45703125,0.640625,0.0
single,2026-08-15T21:35:15.351689+00:00,0.0,4.45703125,0.640625,0.0
single,2026-08-15T21:35:15.852630+00:00,0.0,4.45703125,0.640625,0.0
single,2026-08-15T21:35:16.353593+00:00,0.0,4.45703125,0.640625,0.0
single,2026-08-15T21:35:16.854588+00:00,0.0,4.45703125,0.640625,0.0
single,2026-08-15T21:35:17.355594+00:00,0.0,4.45703125,0.640625,0.0
single,2026-08-15T21:35:17.856746+00:00,0.0,4.45703125,0.640625,0.0
single,2026-08-15T21:35:18.357770+00:00,0.0,4.45703125,0.640625,0.0
single,2026-08-15T21:35:18.858818+00:00,0.0,4.45703125,0.640625,0.0
single,2026-08-15T21:35:19.359774+00:00,0.0,4.45703125,0.640625,0.0
single,2026-08-15T21:35:19.860731+00:00,0.0,4.45703125,0.640625,0.0
single,2026-08-15T21:35:20.361525+00:00,0.0,4.45703125,0.640625,0.0
single,2026-08-15T21:35:20.862069+00:00,0.0,4.45703125,0.640625,0.0
single,2026-08-15T21:35:21.363002+00:00,0.0,4.45703125,0.640625,0.0
single,2026-08-15T21:35:21.863889+00:00,0.0,4.45703125,0.640625,0.0
single,2026-08-15T21:35:22.364914+00:00,0.0,4.45703125,0.640625,0.0
single,2026-08-15T21:35:22.865874+00:00,0.0,4.45703125,0.640625,0.0
single,2026-08-15T21:35:23.366943+00:00,0.0,4.45703125,0.640625,0.0
single,2026-08-15T21:35:23.867941+00:00,0.0,4.45703125,0.640625,0.0
single,2026-08-15T21:35:24.368615+00:00,0.0,4.45703125,0.640625,0.0
single,2026-08-15T21:35:24.869447+00:00,0.0,4.45703125,0.640625,0.0
single,2026-08-15T21:35:25.370138+00:00,0.0,4.45703125,0.640625,0.0
single,2026-08-15T21:35:25.871197+00:00,0.0,4.45703125,0.640625,0.0
single,2026-08-15T21:35:26.372262+00:00,0.0,4.45703125,0.640625,0.0
single,2026-08-15T21:35:26.873075+00:00,0.0,4.45703125,0.640625,0.0
single,2026-08-15T21:35:27.373827+00:00,0.0,4.45703125,0.640625,0.0
single,2026-08-15T21:35:27.874600+00:00,0.0,4.45703125,0.640625,0.0
single,2026-08-15T21:35:28.375354+00:00,0.0,4.45703125,0.640625,0.0
single,2026-08-15T21:35:28.876201+00:00,0.0,4.45703125,0.640625,0.0
single,2026-08-15T21:35:29.377202+00:00,0.0,4.45703125,0.640625,0.0
single,2026-08-15T21:35:29.878094+00:00,0.0,4.45703125,0.640625,0.0
single,2026-08-15T21:35:30.379051+00:00,0.0,4.45703125,0.640625,0.0
single,2026-08-15T21:35:30.879792+00:00,0.0,4.45703125,0.640625,0.0
single,2026-08-15T21:35:31.380515+00:00,0.0,4.45703125,0.640625,0.0
single,2026-08-15T21:35:31.881370+00:00,0.0,4.45703125,0.640625,0.0
single,2026-08-15T21:35:32.382109+00:00,0.0,4.45703125,0.640625,0.0
single,2026-08-15T21:35:32.883083+00:00,0.0,4.45703125,0.640625,0.0
single,2026-08-15T21:35:33.383946+00:00,0.0,4.45703125,0.640625,0.0
single,2026-08-15T21:35:33.884775+00:00,0.0,4.45703125,0.640625,0.0
single,2026-08-15T21:35:34.385623+00:00,0.0,4.45703125,0.640625,0.0
single,2026-08-15T21:35:34.887032+00:00,0.0,4.45703125,0.640625,0.0
single,2026-08-15T21:35:35.387966+00:00,0.0,4.45703125,0.640625,0.0
single,2026-08-15T21:35:35.888901+00:00,0.0,4.45703125,0.640625,0.0
single,2026-08-15T21:35:36.389571+00:00,0.0,4.45703125,0.640625,0.0
single,2026-08-15T21:35:36.890081+00:00,0.0,4.45703125,0.640625,0.0
single,2026-08-15T21:35:37.391170+00:00,0.0,4.45703125,0.640625,0.0
single,2026-08-15T21:35:37.892349+00:00,0.0,4.45703125,0.640625,0.0
single,2026-08-15T21:35:38.393020+00:00,0.0,4.45703125,0.640625,0.0
single,2026-08-15T21:35:38.894137+00:00,0.0,4.45703125,0.640625,0.0
single,2026-08-15T21:35:39.395085+00:00,0.0,4.45703125,0.640625,0.0
single,2026-08-15T21:35:39.896241+00:00,0.0,4.45703125,0.640625,0.0
single,2026-08-15T21:35:40.397425+00:00,0.0,4.45703125,0.640625,0.0
single,2026-08-15T21:35:40.898065+00:00,0.0,4.45703125,0.640625,0.0
single,2026-08-15T21:35:41.399208+00:00,0.0,4.45703125,0.640625,0.0
single,2026-08-15T21:35:41.900285+00:00,0.0,4.45703125,0.640625,0.0
single,2026-08-15T21:35:42.400902+00:00,0.0,4.45703125,0.640625,0.0
single,2026-08-15T21:35:42.902045+00:00,0.0,4.45703125,0.640625,0.0
single,2026-08-15T21:35:43.402723+00:00,0.0,4.45703125,0.640625,0.0
single,2026-08-15T21:35:43.903925+00:00,0.0,4.45703125,0.640625,0.0
single,2026-08-15T21:35:44.404758+00:00,0.0,4.45703125,0.640625,0.0
single,2026-08-15T21:35:44.905517+00:00,0.0,4.45703125,0.640625,0.0
single,2026-08-15T21:35:45.406658+00:00,0.0,4.45703125,0.640625,0.0
single,2026-08-15T21:35:45.907844+00:00,0.0,4.45703125,0.640625,0.0
stress_0,2026-08-15T21:35:46.416243+00:00,0.0,2.0390625,0.0,0.0
stress_0,2026-08-15T21:35:46.917053+00:00,0.0,4.46484375,0.01171875,0.0
stress_0,2026-08-15T21:35:47.417878+00:00,0.0,4.46484375,0.01171875,0.0
stress_0,2026-08-15T21:35:47.919080+00:00,0.0,4.46484375,0.01171875,0.0
stress_0,2026-08-15T21:35:48.419683+00:00,0.0,4.46484375,0.01171875,0.0
stress_0,2026-08-15T21:35:48.920555+00:00,0.0,4.46484375,0.01171875,0.0
stress_0,2026-08-15T21:35:49.421707+00:00,0.0,4.46484375,0.01171875,0.0
stress_0,2026-08-15T21:35:49.922602+00:00,0.0,4.46484375,0.01171875,0.0
stress_0,2026-08-15T21:35:50.423869+00:00,0.0,4.46484375,0.01171875,0.0
stress_0,2026-08-15T21:35:50.925190+00:00,0.0,4.46484375,0.01171875,0.0
stress_0,2026-08-15T21:35:51.426359+00:00,0.0,4.46484375,0.01171875,0.0
stress_0,2026-08-15T21:35:51.927527+00:00,0.0,4.46484375,0.01171875,0.0
stress_0,2026-08-15T21:35:52.428326+00:00,0.0,4.46484375,0.01171875,0.0
stress_0,2026-08-15T21:35:52.929243+00:00,0.0,4.46484375,0.01171875,0.0
stress_0,2026-08-15T21:35:53.429765+00:00,0.0,4.46484375,0.01171875,0.0
stress_0,2026-08-15T21:35:53.930940+00:00,0.0,4.46484375,0.01171875,0.0
stress_0,2026-08-15T21:35:54.432176+00:00,0.0,4.46484375,0.01171875,0.0
stress_0,2026-08-15T21:35:54.932774+00:00,0.0,4.46484375,0.01171875,0.0
stress_0,2026-08-15T21:35:55.435243+00:00,0.0,3.97265625,0.01171875,0.0
stress_0,2026-08-15T21:35:55.935967+00:00,0.0,4.05859375,0.01171875,0.0
stress_0,2026-08-15T21:35:56.436554+00:00,0.0,4.05859375,0.01171875,0.0
stress_0,2026-08-15T21:35:56.937068+00:00,0.0,4.05859375,0.01171875,0.0
stress_0,2026-08-15T21:35:57.438244+00:00,0.0,4.05859375,0.01171875,0.0
stress_0,2026-08-15T21:35:57.939150+00:00,0.0,4.05859375,0.01171875,0.0
stress_0,2026-08-15T21:35:58.439918+00:00,0.0,4.05859375,0.01171875,0.0
stress_0,2026-08-15T21:35:58.940454+00:00,0.0,4.05859375,0.01171875,0.0
stress_0,2026-08-15T21:35:59.441452+00:00,0.0,4.05859375,0.01171875,0.0
stress_0,2026-08-15T21:35:59.942577+00:00,0.0,4.05859375,0.01171875,0.0
stress_0,2026-08-15T21:36:00.443149+00:00,0.0,4.05859375,0.01171875,0.0
stress_0,2026-08-15T21:36:00.943624+00:00,0.0,4.05859375,0.01171875,0.0
stress_0,2026-08-15T21:36:01.444148+00:00,0.0,4.05859375,0.01171875,0.0
stress_0,2026-08-15T21:36:01.944626+00:00,0.0,4.05859375,0.01171875,0.0
stress_0,2026-08-15T21:36:02.445496+00:00,0.0,4.05859375,0.01171875,0.0
stress_0,2026-08-15T21:36:02.946578+00:00,0.0,4.05859375,0.01171875,0.0
stress_0,2026-08-15T21:36:03.447716+00:00,0.0,4.05859375,0.01171875,0.0
stress_0,2026-08-15T21:36:03.949302+00:00,0.0,4.05859375,0.01171875,0.0
stress_0,2026-08-15T21:36:04.449995+00:00,0.0,4.05859375,0.01171875,0.0
stress_0,2026-08-15T21:36:04.950566+00:00,0.0,4.05859375,0.01171875,0.0
stress_0,2026-08-15T21:36:05.451164+00:00,0.0,4.05859375,0.01171875,0.0
stress_0,2026-08-15T21:36:05.952306+00:00,0.0,4.05859375,0.01171875,0.0
stress_0,2026-08-15T21:36:06.453468+00:00,0.0,4.05859375,0.01171875,0.0
stress_0,2026-08-15T21:36:06.954612+00:00,0.0,4.05859375,0.01171875,0.0
stress_0,2026-08-15T21:36:07.455801+00:00,0.0,4.05859375,0.01171875,0.0
stress_0,2026-08-15T21:36:07.956832+00:00,0.0,4.05859375,0.01171875,0.0
stress_0,2026-08-15T21:36:08.457906+00:00,0.0,4.05859375,0.01171875,0.0
stress_0,2026-08-15T21:36:08.959106+00:00,0.0,4.05859375,0.01171875,0.0
stress_0,2026-08-15T21:36:09.460109+00:00,0.0,4.05859375,0.01171875,0.0
stress_0,2026-08-15T21:36:09.961217+00:00,0.0,4.05859375,0.01171875,0.0
stress_0,2026-08-15T21:36:10.461787+00:00,0.0,4.05859375,0.01171875,0.0
stress_0,2026-08-15T21:36:10.962654+00:00,0.0,4.05859375,0.01171875,0.0
stress_0,2026-08-15T21:36:11.463381+00:00,0.0,4.05859375,0.01171875,0.0
stress_0,2026-08-15T21:36:11.964567+00:00,0.0,4.05859375,0.01171875,0.0
stress_0,2026-08-15T21:36:12.465713+00:00,0.0,4.05859375,0.01171875,0.0
stress_0,2026-08-15T21:36:12.966821+00:00,0.0,4.05859375,0.01171875,0.0
stress_0,2026-08-15T21:36:13.467774+00:00,0.0,4.05859375,0.01171875,0.0
stress_0,2026-08-15T21:36:13.968729+00:00,0.0,4.05859375,0.01171875,0.0
stress_0,2026-08-15T21:36:14.469849+00:00,0.0,4.05859375,0.01171875,0.0
stress_0,2026-08-15T21:36:14.970402+00:00,0.0,4.05859375,0.01171875,0.0
stress_0,2026-08-15T21:36:15.470853+00:00,0.0,4.05859375,0.01171875,0.0
stress_0,2026-08-15T21:36:15.971439+00:00,0.0,4.05859375,0.01171875,0.0
stress_0,2026-08-15T21:36:16.472543+00:00,0.0,4.05859375,0.01171875,0.0
stress_0,2026-08-15T21:36:16.973715+00:00,0.0,4.05859375,0.01171875,0.0
stress_0,2026-08-15T21:36:17.474839+00:00,0.0,4.05859375,0.01171875,0.0
stress_0,2026-08-15T21:36:17.975916+00:00,0.0,4.05859375,0.01171875,0.0
stress_0,2026-08-15T21:36:18.477132+00:00,0.0,4.05859375,0.01171875,0.0
stress_0,2026-08-15T21:36:18.978242+00:00,0.0,4.05859375,0.01171875,0.0
stress_0,2026-08-15T21:36:19.479189+00:00,0.0,4.05859375,0.01171875,0.0
stress_0,2026-08-15T21:36:19.980336+00:00,0.0,4.05859375,0.01171875,0.0
stress_0,2026-08-15T21:36:20.480915+00:00,0.0,4.05859375,0.01171875,0.0
stress_0,2026-08-15T21:36:20.981948+00:00,0.0,4.05859375,0.01171875,0.0
stress_0,2026-08-15T21:36:21.483093+00:00,0.0,4.05859375,0.01171875,0.0
stress_0,2026-08-15T21:36:21.984323+00:00,0.0,4.05859375,0.01171875,0.0
stress_0,2026-08-15T21:36:22.485335+00:00,0.0,4.05859375,0.01171875,0.0
stress_0,2026-08-15T21:36:22.986291+00:00,0.0,4.05859375,0.01171875,0.0
stress_0,2026-08-15T21:36:23.486824+00:00,0.0,4.05859375,0.01171875,0.0
stress_0,2026-08-15T21:36:23.987615+00:00,0.0,4.05859375,0.01171875,0.0
stress_0,2026-08-15T21:36:24.488718+00:00,0.0,4.05859375,0.01171875,0.0
stress_0,2026-08-15T21:36:24.989862+00:00,0.0,4.05859375,0.01171875,0.0
stress_0,2026-08-15T21:36:25.490957+00:00,0.0,4.05859375,0.01171875,0.0
stress_0,2026-08-15T21:36:25.992168+00:00,0.0,4.05859375,0.01171875,0.0
stress_0,2026-08-15T21:36:26.493094+00:00,0.0,4.05859375,0.01171875,0.0
stress_0,2026-08-15T21:36:26.994225+00:00,0.0,4.05859375,0.01171875,0.0
stress_0,2026-08-15T21:36:27.495390+00:00,0.0,4.05859375,0.01171875,0.0
stress_0,2026-08-15T21:36:27.996051+00:00,0.0,4.05859375,0.01171875,0.0
stress_0,2026-08-15T21:36:28.497184+00:00,0.0,4.05859375,0.01171875,0.0
stress_0,2026-08-15T21:36:28.998045+00:00,0.0,4.05859375,0.01171875,0.0
stress_0,2026-08-15T21:36:29.499222+00:00,0.0,4.05859375,0.01171875,0.0
stress_0,2026-08-15T21:36:30.000444+00:00,0.0,4.05859375,0.01171875,0.0
stress_0,2026-08-15T21:36:30.501618+00:00,0.0,4.05859375,0.01171875,0.0
stress_0,2026-08-15T21:36:31.002717+00:00,0.0,4.05859375,0.01171875,0.0
stress_0,2026-08-15T21:36:31.503861+00:00,0.0,4.05859375,0.01171875,0.0
stress_0,2026-08-15T21:36:32.004938+00:00,0.0,4.05859375,0.01171875,0.0
stress_0,2026-08-15T21:36:32.505960+00:00,0.0,4.05859375,0.01171875,0.0
stress_0,2026-08-15T21:36:33.007087+00:00,0.0,4.05859375,0.01171875,0.0
stress_0,2026-08-15T21:36:33.508217+00:00,0.0,4.05859375,0.01171875,0.0
stress_0,2026-08-15T21:36:34.008818+00:00,0.0,4.05859375,0.01171875,0.0
stress_0,2026-08-15T21:36:34.509732+00:00,0.0,4.05859375,0.01171875,0.0
stress_0,2026-08-15T21:36:35.010840+00:00,0.0,4.05859375,0.01171875,0.0
stress_0,2026-08-15T21:36:35.511924+00:00,0.0,4.05859375,0.01171875,0.0
stress_0,2026-08-15T21:36:36.013098+00:00,0.0,4.05859375,0.01171875,0.0
stress_0,2026-08-15T21:36:36.513811+00:00,0.0,4.05859375,0.01171875,0.0
stress_0,2026-08-15T21:36:37.014895+00:00,0.0,4.05859375,0.01171875,0.0
stress_0,2026-08-15T21:36:37.515879+00:00,0.0,4.05859375,0.01171875,0.0
stress_0,2026-08-15T21:36:38.016956+00:00,0.0,4.05859375,0.01171875,0.0
stress_0,2026-08-15T21:36:38.517593+00:00,0.0,4.05859375,0.01171875,0.0
stress_0,2026-08-15T21:36:39.018756+00:00,0.0,4.05859375,0.01171875,0.0
stress_0,2026-08-15T21:36:39.519850+00:00,0.0,4.05859375,0.01171875,0.0
stress_0,2026-08-15T21:36:40.020885+00:00,0.0,4.05859375,0.01171875,0.0
stress_0,2026-08-15T21:36:40.521967+00:00,0.0,4.05859375,0.01171875,0.0
stress_0,2026-08-15T21:36:41.023207+00:00,0.0,4.05859375,0.01171875,0.0
stress_0,2026-08-15T21:36:41.524379+00:00,0.0,4.05859375,0.01171875,0.0
stress_0,2026-08-15T21:36:42.025035+00:00,0.0,4.05859375,0.01171875,0.0
stress_0,2026-08-15T21:36:42.525800+00:00,0.0,4.05859375,0.01171875,0.0
stress_0,2026-08-15T21:36:43.027185+00:00,0.0,4.05859375,0.01171875,0.0
stress_0,2026-08-15T21:36:43.528324+00:00,0.0,4.05859375,0.01171875,0.0
stress_0,2026-08-15T21:36:44.029489+00:00,0.0,4.05859375,0.01171875,0.0
stress_0,2026-08-15T21:36:44.530650+00:00,0.0,4.05859375,0.01171875,0.0
stress_0,2026-08-15T21:36:45.031782+00:00,0.0,4.05859375,0.01171875,0.0
stress_0,2026-08-15T21:36:45.532880+00:00,0.0,4.05859375,0.01171875,0.0
stress_0,2026-08-15T21:36:46.033967+00:00,0.0,4.05859375,0.01171875,0.0
stress_0,2026-08-15T21:36:46.535209+00:00,0.0,4.05859375,0.01171875,0.0
stress_0,2026-08-15T21:36:47.036361+00:00,0.0,4.05859375,0.01171875,0.0
stress_0,2026-08-15T21:36:47.537650+00:00,0.0,4.05859375,0.01171875,0.0
stress_0,2026-08-15T21:36:48.038797+00:00,0.0,4.05859375,0.01171875,0.0
stress_0,2026-08-15T21:36:48.539873+00:00,0.0,4.05859375,0.01171875,0.0
stress_0,2026-08-15T21:36:49.040936+00:00,0.0,4.05859375,0.01171875,0.0
stress_0,2026-08-15T21:36:49.542178+00:00,0.0,4.05859375,0.01171875,0.0
stress_0,2026-08-15T21:36:50.043382+00:00,0.0,4.05859375,0.01171875,0.0
stress_0,2026-08-15T21:36:50.544900+00:00,0.0,4.05859375,0.01171875,0.0
stress_0,2026-08-15T21:36:51.046089+00:00,0.0,4.05859375,0.01171875,0.0
stress_0,2026-08-15T21:36:51.547348+00:00,0.0,4.05859375,0.01171875,0.0
stress_0,2026-08-15T21:36:52.048530+00:00,0.0,4.05859375,0.01171875,0.0
stress_0,2026-08-15T21:36:52.549704+00:00,0.0,4.05859375,0.01171875,0.0
stress_0,2026-08-15T21:36:53.050850+00:00,0.0,4.05859375,0.01171875,0.0
stress_0,2026-08-15T21:36:53.551648+00:00,0.0,4.05859375,0.01171875,0.0
stress_0,2026-08-15T21:36:54.052490+00:00,0.0,4.05859375,0.01171875,0.0
stress_0,2026-08-15T21:36:54.553486+00:00,0.0,4.05859375,0.01171875,0.0
stress_0,2026-08-15T21:36:55.054358+00:00,0.0,4.05859375,0.01171875,0.0
stress_0,2026-08-15T21:36:55.555465+00:00,0.0,4.05859375,0.01171875,0.0
stress_0,2026-08-15T21:36:56.056143+00:00,0.0,4.05859375,0.01171875,0.0
stress_0,2026-08-15T21:36:56.557233+00:00,0.0,4.05859375,0.01171875,0.0
stress_0,2026-08-15T21:36:57.058333+00:00,0.0,4.05859375,0.01171875,0.0
stress_0,2026-08-15T21:36:57.559469+00:00,0.0,4.05859375,0.01171875,0.0
stress_0,2026-08-15T21:36:58.060638+00:00,0.0,4.05859375,0.01171875,0.0
stress_0,2026-08-15T21:36:58.561758+00:00,0.0,4.05859375,0.01171875,0.0
stress_0,2026-08-15T21:36:59.062865+00:00,0.0,4.05859375,0.01171875,0.0
stress_0,2026-08-15T21:36:59.563923+00:00,0.0,4.05859375,0.01171875,0.0
stress_0,2026-08-15T21:37:00.065033+00:00,0.0,4.05859375,0.01171875,0.0
stress_0,2026-08-15T21:37:00.566193+00:00,0.0,4.05859375,0.01171875,0.0
stress_0,2026-08-15T21:37:01.067306+00:00,0.0,4.05859375,0.01171875,0.0
stress_0,2026-08-15T21:37:01.568428+00:00,0.0,4.05859375,0.01171875,0.0
stress_0,2026-08-15T21:37:02.069526+00:00,0.0,4.05859375,0.01171875,0.0
stress_0,2026-08-15T21:37:02.570674+00:00,0.0,4.05859375,0.01171875,0.0
stress_0,2026-08-15T21:37:03.071847+00:00,0.0,4.05859375,0.01171875,0.0
stress_0,2026-08-15T21:37:03.572874+00:00,0.0,4.05859375,0.01171875,0.0
stress_0,2026-08-15T21:37:04.074134+00:00,0.0,4.05859375,0.01171875,0.0
stress_0,2026-08-15T21:37:04.575168+00:00,0.0,4.05859375,0.01171875,0.0
stress_0,2026-08-15T21:37:05.076314+00:00,0.0,4.05859375,0.01171875,0.0
stress_0,2026-08-15T21:37:05.577433+00:00,0.0,4.05859375,0.01171875,0.0
stress_0,2026-08-15T21:37:06.078528+00:00,0.0,4.05859375,0.01171875,0.0
stress_0,2026-08-15T21:37:06.579647+00:00,0.0,4.05859375,0.01171875,0.0
stress_0,2026-08-15T21:37:07.080170+00:00,0.0,4.05859375,0.01171875,0.0
stress_0,2026-08-15T21:37:07.581202+00:00,0.0,4.05859375,0.01171875,0.0
stress_0,2026-08-15T21:37:08.082334+00:00,0.0,4.05859375,0.01171875,0.0
stress_0,2026-08-15T21:37:08.583396+00:00,0.0,4.05859375,0.01171875,0.0
stress_0,2026-08-15T21:37:09.084177+00:00,0.0,4.05859375,0.01171875,0.0
stress_0,2026-08-15T21:37:09.585358+00:00,2.0,4.05859375,0.01171875,0.0
stress_0,2026-08-15T21:37:10.086350+00:00,0.0,4.05859375,0.01171875,0.0
stress_0,2026-08-15T21:37:10.587637+00:00,0.0,4.05859375,0.01171875,0.0
stress_0,2026-08-15T21:37:11.088756+00:00,0.0,4.05859375,0.01171875,0.0
stress_0,2026-08-15T21:37:11.589857+00:00,0.0,4.05859375,0.01171875,0.0
stress_0,2026-08-15T21:37:12.090782+00:00,0.0,4.05859375,0.01171875,0.0
stress_0,2026-08-15T21:37:12.591861+00:00,0.0,4.05859375,0.01171875,0.0
stress_0,2026-08-15T21:37:13.092928+00:00,0.0,4.05859375,0.01171875,0.0
stress_0,2026-08-15T21:37:13.594125+00:00,0.0,4.05859375,0.01171875,0.0
stress_0,2026-08-15T21:37:14.095243+00:00,0.0,4.05859375,0.01171875,0.0
stress_0,2026-08-15T21:37:14.596416+00:00,0.0,4.05859375,0.01171875,0.0
stress_0,2026-08-15T21:37:15.097538+00:00,0.0,4.05859375,0.01171875,0.0
stress_0,2026-08-15T21:37:15.598506+00:00,0.0,4.05859375,0.01171875,0.0
stress_0,2026-08-15T21:37:16.099468+00:00,0.0,4.05859375,0.01171875,0.0
stress_0,2026-08-15T21:37:16.600598+00:00,0.0,4.05859375,0.01171875,0.0
stress_0,2026-08-15T21:37:17.101748+00:00,0.0,4.05859375,0.01171875,0.0
stress_0,2026-08-15T21:37:17.602863+00:00,0.0,4.05859375,0.01171875,0.0
stress_0,2026-08-15T21:37:18.104167+00:00,0.0,4.05859375,0.01171875,0.0
stress_0,2026-08-15T21:37:18.605151+00:00,0.0,4.05859375,0.01171875,0.0
stress_0,2026-08-15T21:37:19.106120+00:00,0.0,4.05859375,0.01171875,0.0
stress_0,2026-08-15T21:37:19.606963+00:00,0.0,4.05859375,0.01171875,0.0
stress_0,2026-08-15T21:37:20.107567+00:00,0.0,4.05859375,0.01171875,0.0
stress_0,2026-08-15T21:37:20.608672+00:00,0.0,4.05859375,0.01171875,0.0
stress_0,2026-08-15T21:37:21.109637+00:00,0.0,4.05859375,0.01171875,0.0
stress_0,2026-08-15T21:37:21.610739+00:00,0.0,4.05859375,0.01171875,0.0
stress_0,2026-08-15T21:37:22.111867+00:00,0.0,4.05859375,0.01171875,0.0
stress_0,2026-08-15T21:37:22.613051+00:00,0.0,4.05859375,0.01171875,0.0
stress_0,2026-08-15T21:37:23.114156+00:00,0.0,4.05859375,0.01171875,0.0
stress_0,2026-08-15T21:37:23.615317+00:00,0.0,4.05859375,0.01171875,0.0
stress_0,2026-08-15T21:37:24.116438+00:00,0.0,4.05859375,0.01171875,0.0
stress_0,2026-08-15T21:37:24.617582+00:00,0.0,4.05859375,0.01171875,0.0
stress_0,2026-08-15T21:37:25.118731+00:00,0.0,4.05859375,0.01171875,0.0
stress_0,2026-08-15T21:37:25.619843+00:00,0.0,4.05859375,0.01171875,0.0
stress_0,2026-08-15T21:37:26.120932+00:00,0.0,4.05859375,0.01171875,0.0
stress_0,2026-08-15T21:37:26.622147+00:00,0.0,4.05859375,0.01171875,0.0
stress_0,2026-08-15T21:37:27.123312+00:00,0.0,4.05859375,0.01171875,0.0
stress_0,2026-08-15T21:37:27.624468+00:00,0.0,4.05859375,0.01171875,0.0
stress_0,2026-08-15T21:37:28.125568+00:00,0.0,4.05859375,0.01171875,0.0
stress_0,2026-08-15T21:37:28.626779+00:00,0.0,4.05859375,0.01171875,0.0
stress_0,2026-08-15T21:37:29.127867+00:00,0.0,4.05859375,0.01171875,0.0
stress_0,2026-08-15T21:37:29.628926+00:00,0.0,4.05859375,0.01171875,0.0
stress_0,2026-08-15T21:37:30.130140+00:00,0.0,4.05859375,0.01171875,0.0
stress_0,2026-08-15T21:37:30.631204+00:00,0.0,4.05859375,0.01171875,0.0
stress_0,2026-08-15T21:37:31.132300+00:00,0.0,4.05859375,0.01171875,0.0
stress_0,2026-08-15T21:37:31.633534+00:00,0.0,4.05859375,0.01171875,0.0
stress_0,2026-08-15T21:37:32.134578+00:00,0.0,4.05859375,0.01171875,0.0
stress_0,2026-08-15T21:37:32.635578+00:00,0.0,4.05859375,0.01171875,0.0
stress_0,2026-08-15T21:37:33.136185+00:00,0.0,4.05859375,0.01171875,0.0
stress_0,2026-08-15T21:37:33.637262+00:00,0.0,4.05859375,0.01171875,0.0
stress_0,2026-08-15T21:37:34.137935+00:00,0.0,4.05859375,0.01171875,0.0
stress_0,2026-08-15T21:37:34.638827+00:00,0.0,4.05859375,0.01171875,0.0
stress_0,2026-08-15T21:37:35.139743+00:00,0.0,4.05859375,0.01171875,0.0
stress_0,2026-08-15T21:37:35.640771+00:00,0.0,4.05859375,0.01171875,0.0
stress_0,2026-08-15T21:37:36.141716+00:00,0.0,4.05859375,0.01171875,0.0
stress_0,2026-08-15T21:37:36.642818+00:00,0.0,4.05859375,0.01171875,0.0
stress_0,2026-08-15T21:37:37.143858+00:00,0.0,4.05859375,0.01171875,0.0
stress_0,2026-08-15T21:37:37.644898+00:00,0.0,4.05859375,0.01171875,0.0
stress_0,2026-08-15T21:37:38.145518+00:00,0.0,4.05859375,0.01171875,0.0
stress_0,2026-08-15T21:37:38.646468+00:00,0.0,4.05859375,0.01171875,0.0
stress_0,2026-08-15T21:37:39.147615+00:00,0.0,4.05859375,0.01171875,0.0
stress_0,2026-08-15T21:37:39.648721+00:00,0.0,4.05859375,0.01171875,0.0
stress_0,2026-08-15T21:37:40.149827+00:00,0.0,4.05859375,0.01171875,0.0
stress_0,2026-08-15T21:37:40.651215+00:00,0.0,4.05859375,0.01171875,0.0
stress_0,2026-08-15T21:37:41.152369+00:00,0.0,4.05859375,0.01171875,0.0
stress_0,2026-08-15T21:37:41.653493+00:00,0.0,4.05859375,0.01171875,0.0
stress_0,2026-08-15T21:37:42.154645+00:00,0.0,4.05859375,0.01171875,0.0
stress_0,2026-08-15T21:37:42.655569+00:00,0.0,4.05859375,0.01171875,0.0
stress_0,2026-08-15T21:37:43.156695+00:00,0.0,4.05859375,0.01171875,0.0
stress_0,2026-08-15T21:37:43.657379+00:00,0.0,4.05859375,0.01171875,0.0
stress_0,2026-08-15T21:37:44.158237+00:00,0.0,4.05859375,0.01171875,0.0
stress_0,2026-08-15T21:37:44.659348+00:00,0.0,4.05859375,0.01171875,0.0
stress_0,2026-08-15T21:37:45.160476+00:00,0.0,4.05859375,0.01171875,0.0
stress_0,2026-08-15T21:37:45.661414+00:00,0.0,4.05859375,0.01171875,0.0
stress_0,2026-08-15T21:37:46.162541+00:00,0.0,4.05859375,0.01171875,0.0
stress_0,2026-08-15T21:37:46.663701+00:00,0.0,4.05859375,0.01171875,0.0
stress_0,2026-08-15T21:37:47.164783+00:00,0.0,4.05859375,0.01171875,0.0
stress_0,2026-08-15T21:37:47.665883+00:00,0.0,4.05859375,0.01171875,0.0
stress_0,2026-08-15T21:37:48.166951+00:00,0.0,4.05859375,0.01171875,0.0
stress_0,2026-08-15T21:37:48.668083+00:00,0.0,4.05859375,0.01171875,0.0
stress_0,2026-08-15T21:37:49.169222+00:00,0.0,4.05859375,0.01171875,0.0
stress_0,2026-08-15T21:37:49.670434+00:00,0.0,4.05859375,0.01171875,0.0
stress_0,2026-08-15T21:37:50.171694+00:00,0.0,4.05859375,0.01171875,0.0
stress_0,2026-08-15T21:37:50.672827+00:00,0.0,4.05859375,0.01171875,0.0
stress_0,2026-08-15T21:37:51.173925+00:00,0.0,4.05859375,0.01171875,0.0
stress_0,2026-08-15T21:37:51.675155+00:00,0.0,4.05859375,0.01171875,0.0
stress_0,2026-08-15T21:37:52.176309+00:00,0.0,4.05859375,0.01171875,0.0
stress_0,2026-08-15T21:37:52.677416+00:00,0.0,4.05859375,0.01171875,0.0
stress_0,2026-08-15T21:37:53.178615+00:00,0.0,4.05859375,0.01171875,0.0
stress_0,2026-08-15T21:37:53.679267+00:00,0.0,4.05859375,0.01171875,0.0
stress_0,2026-08-15T21:37:54.179943+00:00,0.0,4.05859375,0.01171875,0.0
stress_0,2026-08-15T21:37:54.681222+00:00,0.0,4.05859375,0.01171875,0.0
stress_0,2026-08-15T21:37:55.181855+00:00,0.0,4.05859375,0.01171875,0.0
stress_0,2026-08-15T21:37:55.682747+00:00,0.0,4.05859375,0.01171875,0.0
stress_0,2026-08-15T21:37:56.183857+00:00,0.0,4.05859375,0.01171875,0.0
stress_0,2026-08-15T21:37:56.684899+00:00,0.0,4.05859375,0.01171875,0.0
stress_0,2026-08-15T21:37:57.186115+00:00,0.0,4.05859375,0.01171875,0.0
stress_0,2026-08-15T21:37:57.687281+00:00,0.0,4.05859375,0.01171875,0.0
stress_0,2026-08-15T21:37:58.187994+00:00,0.0,4.05859375,0.01171875,0.0
stress_0,2026-08-15T21:37:58.689010+00:00,0.0,4.05859375,0.01171875,0.0
stress_0,2026-08-15T21:37:59.189579+00:00,0.0,4.05859375,0.01171875,0.0
stress_0,2026-08-15T21:37:59.690575+00:00,0.0,4.05859375,0.01171875,0.0
stress_0,2026-08-15T21:38:00.191130+00:00,0.0,4.05859375,0.01171875,0.0
stress_0,2026-08-15T21:38:00.691805+00:00,0.0,4.05859375,0.01171875,0.0
stress_0,2026-08-15T21:38:01.192407+00:00,0.0,4.05859375,0.01171875,0.0
stress_0,2026-08-15T21:38:01.693248+00:00,0.0,4.05859375,0.01171875,0.0
stress_0,2026-08-15T21:38:02.193952+00:00,0.0,4.05859375,0.01171875,0.0
stress_0,2026-08-15T21:38:02.695021+00:00,0.0,4.05859375,0.01171875,0.0
stress_0,2026-08-15T21:38:03.195751+00:00,0.0,4.05859375,0.01171875,0.0
stress_0,2026-08-15T21:38:03.696712+00:00,0.0,4.05859375,0.01171875,0.0
stress_0,2026-08-15T21:38:04.197756+00:00,0.0,4.05859375,0.01171875,0.0
stress_0,2026-08-15T21:38:04.698733+00:00,0.0,4.05859375,0.01171875,0.0
stress_0,2026-08-15T21:38:05.199264+00:00,0.0,4.05859375,0.01171875,0.0
stress_0,2026-08-15T21:38:05.700079+00:00,0.0,4.05859375,0.01171875,0.0
stress_0,2026-08-15T21:38:06.200921+00:00,0.0,4.05859375,0.01171875,0.0
stress_0,2026-08-15T21:38:06.701882+00:00,0.0,4.05859375,0.01171875,0.0
stress_0,2026-08-15T21:38:07.202705+00:00,0.0,4.05859375,0.01171875,0.0
stress_0,2026-08-15T21:38:07.703492+00:00,0.0,4.05859375,0.01171875,0.0
stress_0,2026-08-15T21:38:08.204090+00:00,0.0,4.05859375,0.01171875,0.0
stress_0,2026-08-15T21:38:08.704676+00:00,0.0,4.05859375,0.01171875,0.0
stress_0,2026-08-15T21:38:09.205191+00:00,0.0,4.05859375,0.01171875,0.0
stress_0,2026-08-15T21:38:09.705700+00:00,0.0,4.05859375,0.01171875,0.0
stress_0,2026-08-15T21:38:10.206588+00:00,0.0,4.05859375,0.01171875,0.0
stress_0,2026-08-15T21:38:10.707444+00:00,0.0,4.05859375,0.01171875,0.0
stress_0,2026-08-15T21:38:11.207963+00:00,0.0,4.05859375,0.01171875,0.0
stress_0,2026-08-15T21:38:11.708470+00:00,2.0,4.05859375,0.01171875,0.0
stress_0,2026-08-15T21:38:12.208942+00:00,0.0,4.05859375,0.01171875,0.0
stress_0,2026-08-15T21:38:12.709716+00:00,0.0,4.05859375,0.01171875,0.0
stress_0,2026-08-15T21:38:13.210323+00:00,0.0,4.05859375,0.01171875,0.0
stress_0,2026-08-15T21:38:13.711110+00:00,0.0,4.05859375,0.01171875,0.0
stress_0,2026-08-15T21:38:14.211611+00:00,0.0,4.05859375,0.01171875,0.0
stress_0,2026-08-15T21:38:14.712433+00:00,0.0,4.05859375,0.01171875,0.0
stress_0,2026-08-15T21:38:15.213204+00:00,0.0,4.05859375,0.01171875,0.0
stress_0,2026-08-15T21:38:15.713809+00:00,0.0,4.05859375,0.01171875,0.0
stress_0,2026-08-15T21:38:16.214529+00:00,0.0,4.05859375,0.01171875,0.0
stress_0,2026-08-15T21:38:16.715175+00:00,0.0,4.05859375,0.01171875,0.0
stress_0,2026-08-15T21:38:17.215869+00:00,0.0,4.05859375,0.01171875,0.0
stress_0,2026-08-15T21:38:17.716685+00:00,0.0,4.05859375,0.01171875,0.0
stress_0,2026-08-15T21:38:18.217472+00:00,0.0,4.05859375,0.01171875,0.0
stress_0,2026-08-15T21:38:18.717992+00:00,0.0,4.05859375,0.01171875,0.0
stress_0,2026-08-15T21:38:19.218655+00:00,0.0,4.05859375,0.01171875,0.0
stress_0,2026-08-15T21:38:19.719443+00:00,0.0,4.05859375,0.01171875,0.0
stress_0,2026-08-15T21:38:20.220303+00:00,0.0,4.05859375,0.01171875,0.0
stress_0,2026-08-15T21:38:20.720807+00:00,0.0,4.05859375,0.01171875,0.0
stress_0,2026-08-15T21:38:21.221333+00:00,0.0,4.05859375,0.01171875,0.0
stress_0,2026-08-15T21:38:21.721838+00:00,0.0,4.05859375,0.01171875,0.0
stress_0,2026-08-15T21:38:22.222339+00:00,0.0,4.05859375,0.01171875,0.0
stress_0,2026-08-15T21:38:22.722835+00:00,0.0,4.05859375,0.01171875,0.0
stress_0,2026-08-15T21:38:23.223359+00:00,0.0,4.05859375,0.01171875,0.0
stress_0,2026-08-15T21:38:23.723936+00:00,0.0,4.05859375,0.01171875,0.0
stress_0,2026-08-15T21:38:24.224431+00:00,0.0,4.05859375,0.01171875,0.0
stress_0,2026-08-15T21:38:24.725003+00:00,0.0,4.05859375,0.01171875,0.0
stress_0,2026-08-15T21:38:25.225813+00:00,0.0,4.05859375,0.01171875,0.0
stress_0,2026-08-15T21:38:25.726363+00:00,0.0,4.05859375,0.01171875,0.0
stress_0,2026-08-15T21:38:26.226918+00:00,0.0,4.05859375,0.01171875,0.0
stress_0,2026-08-15T21:38:26.727463+00:00,0.0,4.05859375,0.01171875,0.0
stress_0,2026-08-15T21:38:27.228083+00:00,0.0,4.05859375,0.01171875,0.0
stress_0,2026-08-15T21:38:27.728615+00:00,0.0,4.05859375,0.01171875,0.0
stress_0,2026-08-15T21:38:28.229363+00:00,0.0,4.05859375,0.01171875,0.0
stress_0,2026-08-15T21:38:28.730445+00:00,0.0,4.05859375,0.01171875,0.0
stress_0,2026-08-15T21:38:29.231075+00:00,0.0,4.05859375,0.01171875,0.0
stress_0,2026-08-15T21:38:29.731760+00:00,0.0,4.05859375,0.01171875,0.0
stress_0,2026-08-15T21:38:30.232817+00:00,0.0,4.05859375,0.01171875,0.0
stress_0,2026-08-15T21:38:30.733626+00:00,0.0,4.05859375,0.01171875,0.0
stress_0,2026-08-15T21:38:31.234587+00:00,0.0,4.05859375,0.01171875,0.0
stress_0,2026-08-15T21:38:31.735329+00:00,0.0,4.05859375,0.01171875,0.0
stress_0,2026-08-15T21:38:32.235815+00:00,0.0,4.05859375,0.01171875,0.0
stress_0,2026-08-15T21:38:32.736490+00:00,0.0,4.05859375,0.01171875,0.0
stress_0,2026-08-15T21:38:33.237117+00:00,0.0,4.05859375,0.01171875,0.0
stress_0,2026-08-15T21:38:33.738021+00:00,0.0,4.05859375,0.01171875,0.0
stress_0,2026-08-15T21:38:34.238845+00:00,0.0,4.05859375,0.01171875,0.0
stress_0,2026-08-15T21:38:34.739701+00:00,0.0,4.05859375,0.01171875,0.0
stress_0,2026-08-15T21:38:35.240571+00:00,0.0,4.05859375,0.01171875,0.0
stress_0,2026-08-15T21:38:35.741171+00:00,0.0,4.05859375,0.01171875,0.0
stress_0,2026-08-15T21:38:36.241860+00:00,0.0,4.05859375,0.01171875,0.0
stress_0,2026-08-15T21:38:36.742521+00:00,0.0,4.05859375,0.01171875,0.0
stress_0,2026-08-15T21:38:37.243459+00:00,0.0,4.05859375,0.01171875,0.0
stress_0,2026-08-15T21:38:37.744259+00:00,0.0,4.05859375,0.01171875,0.0
stress_0,2026-08-15T21:38:38.245067+00:00,0.0,4.05859375,0.01171875,0.0
stress_0,2026-08-15T21:38:38.745729+00:00,0.0,4.05859375,0.01171875,0.0
stress_0,2026-08-15T21:38:39.246244+00:00,0.0,4.05859375,0.01171875,0.0
stress_0,2026-08-15T21:38:39.746761+00:00,0.0,4.05859375,0.01171875,0.0
stress_0,2026-08-15T21:38:40.247350+00:00,0.0,4.05078125,0.01171875,0.0
stress_0,2026-08-15T21:38:40.747895+00:00,0.0,4.01171875,0.01171875,0.0
stress_0,2026-08-15T21:38:41.248465+00:00,0.0,4.01171875,0.01171875,0.0
stress_0,2026-08-15T21:38:41.749044+00:00,0.0,4.01171875,0.01171875,0.0
stress_0,2026-08-15T21:38:42.249615+00:00,0.0,4.01171875,0.01171875,0.0
stress_0,2026-08-15T21:38:42.751047+00:00,0.0,4.01171875,0.01171875,0.0
stress_0,2026-08-15T21:38:43.251814+00:00,0.0,4.01171875,0.01171875,0.0
stress_0,2026-08-15T21:38:43.752754+00:00,0.0,4.01171875,0.01171875,0.0
stress_0,2026-08-15T21:38:44.253466+00:00,0.0,4.01171875,0.01171875,0.0
stress_0,2026-08-15T21:38:44.754177+00:00,0.0,4.01171875,0.01171875,0.0
stress_0,2026-08-15T21:38:45.254834+00:00,0.0,4.01171875,0.01171875,0.0
stress_0,2026-08-15T21:38:45.755485+00:00,0.0,4.01171875,0.01171875,0.0
stress_0,2026-08-15T21:38:46.256202+00:00,0.0,4.01171875,0.01171875,0.0
stress_0,2026-08-15T21:38:46.756933+00:00,0.0,4.01171875,0.01171875,0.0
stress_0,2026-08-15T21:38:47.257547+00:00,0.0,4.01171875,0.01171875,0.0
stress_0,2026-08-15T21:38:47.758277+00:00,0.0,4.01171875,0.01171875,0.0
stress_0,2026-08-15T21:38:48.258835+00:00,0.0,4.01171875,0.01171875,0.0
stress_0,2026-08-15T21:38:48.759336+00:00,0.0,4.01171875,0.01171875,0.0
stress_0,2026-08-15T21:38:49.260411+00:00,0.0,4.01171875,0.01171875,0.0
stress_0,2026-08-15T21:38:49.761499+00:00,0.0,4.01171875,0.01171875,0.0
stress_0,2026-08-15T21:38:50.262598+00:00,0.0,4.01171875,0.01171875,0.0
stress_0,2026-08-15T21:38:50.763695+00:00,0.0,4.01171875,0.01171875,0.0
stress_0,2026-08-15T21:38:51.264271+00:00,0.0,4.01171875,0.01171875,0.0
stress_0,2026-08-15T21:38:51.764845+00:00,0.0,4.01171875,0.01171875,0.0
stress_0,2026-08-15T21:38:52.265384+00:00,0.0,4.01171875,0.01171875,0.0
stress_0,2026-08-15T21:38:52.765920+00:00,0.0,4.01171875,0.01171875,0.0
stress_0,2026-08-15T21:38:53.266488+00:00,0.0,4.01171875,0.01171875,0.0
stress_0,2026-08-15T21:38:53.767591+00:00,0.0,4.01171875,0.01171875,0.0
stress_0,2026-08-15T21:38:54.268439+00:00,0.0,4.01171875,0.01171875,0.0
stress_0,2026-08-15T21:38:54.769038+00:00,0.0,4.01171875,0.01171875,0.0
stress_0,2026-08-15T21:38:55.270186+00:00,0.0,4.01171875,0.01171875,0.0
stress_0,2026-08-15T21:38:55.771334+00:00,0.0,4.01171875,0.01171875,0.0
stress_0,2026-08-15T21:38:56.272013+00:00,0.0,4.01171875,0.01171875,0.0
stress_0,2026-08-15T21:38:56.772667+00:00,0.0,4.01171875,0.01171875,0.0
stress_0,2026-08-15T21:38:57.273539+00:00,0.0,4.01171875,0.01171875,0.0
stress_0,2026-08-15T21:38:57.774239+00:00,0.0,4.01171875,0.01171875,0.0
stress_0,2026-08-15T21:38:58.274804+00:00,0.0,4.01171875,0.01171875,0.0
stress_0,2026-08-15T21:38:58.775297+00:00,0.0,4.01171875,0.01171875,0.0
stress_0,2026-08-15T21:38:59.276367+00:00,0.0,4.01171875,0.01171875,0.0
stress_0,2026-08-15T21:38:59.777631+00:00,0.0,4.01171875,0.01171875,0.0
stress_0,2026-08-15T21:39:00.278692+00:00,0.0,4.01171875,0.01171875,0.0
stress_0,2026-08-15T21:39:00.779775+00:00,0.0,4.01171875,0.01171875,0.0
stress_0,2026-08-15T21:39:01.280555+00:00,0.0,4.01171875,0.01171875,0.0
stress_0,2026-08-15T21:39:01.781646+00:00,0.0,4.01171875,0.01171875,0.0
stress_0,2026-08-15T21:39:02.282280+00:00,0.0,4.01171875,0.01171875,0.0
stress_0,2026-08-15T21:39:02.783332+00:00,2.0,4.01171875,0.01171875,0.0
stress_0,2026-08-15T21:39:03.284448+00:00,0.0,4.01171875,0.01171875,0.0
stress_0,2026-08-15T21:39:03.785549+00:00,0.0,4.01171875,0.01171875,0.0
stress_0,2026-08-15T21:39:04.286651+00:00,0.0,4.01171875,0.01171875,0.0
stress_0,2026-08-15T21:39:04.787763+00:00,0.0,4.01171875,0.01171875,0.0
stress_0,2026-08-15T21:39:05.288865+00:00,0.0,4.01171875,0.01171875,0.0
stress_0,2026-08-15T21:39:05.789939+00:00,0.0,4.01171875,0.01171875,0.0
stress_0,2026-08-15T21:39:06.291095+00:00,0.0,4.01171875,0.01171875,0.0
stress_0,2026-08-15T21:39:06.792255+00:00,0.0,4.01171875,0.01171875,0.0
stress_0,2026-08-15T21:39:07.292830+00:00,0.0,4.01171875,0.01171875,0.0
stress_0,2026-08-15T21:39:07.793871+00:00,0.0,4.01171875,0.01171875,0.0
stress_0,2026-08-15T21:39:08.294915+00:00,0.0,4.01171875,0.01171875,0.0
stress_0,2026-08-15T21:39:08.796057+00:00,0.0,4.01171875,0.01171875,0.0
stress_0,2026-08-15T21:39:09.296726+00:00,0.0,4.01171875,0.01171875,0.0
stress_0,2026-08-15T21:39:09.797561+00:00,0.0,4.01171875,0.01171875,0.0
stress_0,2026-08-15T21:39:10.298151+00:00,0.0,4.01171875,0.01171875,0.0
stress_0,2026-08-15T21:39:10.798673+00:00,0.0,4.01171875,0.01171875,0.0
stress_0,2026-08-15T21:39:11.299249+00:00,0.0,4.01171875,0.01171875,0.0
stress_0,2026-08-15T21:39:11.800356+00:00,0.0,4.01171875,0.01171875,0.0
stress_0,2026-08-15T21:39:12.301196+00:00,0.0,4.01171875,0.01171875,0.0
stress_0,2026-08-15T21:39:12.802323+00:00,0.0,4.01171875,0.01171875,0.0
stress_0,2026-08-15T21:39:13.303457+00:00,0.0,4.01171875,0.01171875,0.0
stress_0,2026-08-15T21:39:13.804507+00:00,0.0,4.01171875,0.01171875,0.0
stress_0,2026-08-15T21:39:14.305091+00:00,0.0,4.01171875,0.01171875,0.0
stress_0,2026-08-15T21:39:14.805564+00:00,0.0,4.01171875,0.01171875,0.0
stress_0,2026-08-15T21:39:15.306114+00:00,0.0,4.01171875,0.01171875,0.0
stress_0,2026-08-15T21:39:15.807173+00:00,0.0,4.01171875,0.01171875,0.0
stress_0,2026-08-15T21:39:16.308078+00:00,0.0,4.01171875,0.01171875,0.0
stress_0,2026-08-15T21:39:16.809163+00:00,0.0,4.01171875,0.01171875,0.0
stress_0,2026-08-15T21:39:17.309924+00:00,0.0,4.01171875,0.01171875,0.0
stress_0,2026-08-15T21:39:17.810755+00:00,0.0,4.01171875,0.01171875,0.0
stress_0,2026-08-15T21:39:18.311403+00:00,0.0,4.01171875,0.01171875,0.0
stress_0,2026-08-15T21:39:18.812501+00:00,0.0,4.01171875,0.01171875,0.0
stress_0,2026-08-15T21:39:19.313621+00:00,0.0,4.01171875,0.01171875,0.0
stress_0,2026-08-15T21:39:19.814590+00:00,0.0,4.01171875,0.01171875,0.0
stress_0,2026-08-15T21:39:20.315647+00:00,0.0,4.01171875,0.01171875,0.0
stress_0,2026-08-15T21:39:20.816722+00:00,0.0,4.01171875,0.01171875,0.0
stress_0,2026-08-15T21:39:21.317774+00:00,0.0,4.01171875,0.01171875,0.0
stress_0,2026-08-15T21:39:21.819017+00:00,0.0,4.01171875,0.01171875,0.0
stress_0,2026-08-15T21:39:22.319681+00:00,0.0,4.01171875,0.01171875,0.0
stress_0,2026-08-15T21:39:22.820722+00:00,0.0,4.01171875,0.01171875,0.0
stress_0,2026-08-15T21:39:23.321362+00:00,0.0,4.01171875,0.01171875,0.0
stress_0,2026-08-15T21:39:23.822456+00:00,0.0,4.01171875,0.01171875,0.0
stress_0,2026-08-15T21:39:24.323364+00:00,0.0,4.01171875,0.01171875,0.0
stress_0,2026-08-15T21:39:24.824484+00:00,0.0,4.01171875,0.01171875,0.0
stress_0,2026-08-15T21:39:25.325484+00:00,0.0,4.01171875,0.01171875,0.0
stress_0,2026-08-15T21:39:25.826636+00:00,0.0,4.01171875,0.01171875,0.0
stress_0,2026-08-15T21:39:26.327743+00:00,0.0,4.01171875,0.01171875,0.0
stress_0,2026-08-15T21:39:26.828567+00:00,0.0,4.01171875,0.01171875,0.0
stress_0,2026-08-15T21:39:27.329748+00:00,0.0,4.01171875,0.01171875,0.0
stress_0,2026-08-15T21:39:27.830380+00:00,0.0,4.01171875,0.01171875,0.0
stress_0,2026-08-15T21:39:28.330987+00:00,0.0,4.01171875,0.01171875,0.0
stress_0,2026-08-15T21:39:28.832062+00:00,0.0,4.01171875,0.01171875,0.0
stress_0,2026-08-15T21:39:29.333426+00:00,0.0,4.01171875,0.01171875,0.0
stress_0,2026-08-15T21:39:29.834529+00:00,0.0,4.01171875,0.01171875,0.0
stress_0,2026-08-15T21:39:30.335182+00:00,0.0,4.01171875,0.01171875,0.0
stress_0,2026-08-15T21:39:30.836166+00:00,0.0,4.01171875,0.01171875,0.0
stress_0,2026-08-15T21:39:31.336708+00:00,0.0,4.01171875,0.01171875,0.0
stress_0,2026-08-15T21:39:31.837231+00:00,0.0,4.01171875,0.01171875,0.0
stress_0,2026-08-15T21:39:32.337930+00:00,0.0,4.01171875,0.01171875,0.0
stress_0,2026-08-15T21:39:32.839097+00:00,0.0,4.01171875,0.01171875,0.0
stress_0,2026-08-15T21:39:33.339751+00:00,0.0,4.01171875,0.01171875,0.0
stress_0,2026-08-15T21:39:33.840434+00:00,0.0,4.01171875,0.01171875,0.0
stress_0,2026-08-15T21:39:34.341649+00:00,0.0,4.01171875,0.01171875,0.0
stress_0,2026-08-15T21:39:34.842712+00:00,0.0,4.01171875,0.01171875,0.0
stress_0,2026-08-15T21:39:35.343815+00:00,0.0,4.01171875,0.01171875,0.0
stress_0,2026-08-15T21:39:35.844874+00:00,0.0,4.01171875,0.01171875,0.0
stress_0,2026-08-15T21:39:36.345482+00:00,0.0,4.01171875,0.01171875,0.0
stress_0,2026-08-15T21:39:36.845981+00:00,0.0,4.01171875,0.01171875,0.0
stress_0,2026-08-15T21:39:37.347073+00:00,0.0,4.01171875,0.01171875,0.0
stress_0,2026-08-15T21:39:37.848224+00:00,0.0,4.01171875,0.01171875,0.0
stress_0,2026-08-15T21:39:38.349368+00:00,0.0,4.01171875,0.01171875,0.0
stress_0,2026-08-15T21:39:38.850315+00:00,0.0,4.01171875,0.01171875,0.0
stress_0,2026-08-15T21:39:39.351243+00:00,0.0,4.01171875,0.01171875,0.0
stress_0,2026-08-15T21:39:39.852229+00:00,0.0,4.01171875,0.01171875,0.0
stress_0,2026-08-15T21:39:40.353440+00:00,0.0,4.01171875,0.01171875,0.0
stress_0,2026-08-15T21:39:40.854599+00:00,0.0,4.01171875,0.01171875,0.0
stress_0,2026-08-15T21:39:41.355845+00:00,0.0,4.01171875,0.01171875,0.0
stress_0,2026-08-15T21:39:41.856919+00:00,0.0,4.01171875,0.01171875,0.0
stress_0,2026-08-15T21:39:42.357554+00:00,0.0,4.01171875,0.01171875,0.0
stress_0,2026-08-15T21:39:42.858675+00:00,0.0,4.01171875,0.01171875,0.0
stress_0,2026-08-15T21:39:43.359591+00:00,0.0,4.01171875,0.01171875,0.0
stress_0,2026-08-15T21:39:43.860676+00:00,0.0,4.01171875,0.01171875,0.0
stress_0,2026-08-15T21:39:44.361780+00:00,0.0,4.01171875,0.01171875,0.0
stress_0,2026-08-15T21:39:44.862850+00:00,0.0,4.01171875,0.01171875,0.0
stress_0,2026-08-15T21:39:45.363903+00:00,0.0,4.01171875,0.01171875,0.0
stress_0,2026-08-15T21:39:45.865086+00:00,0.0,4.01171875,0.01171875,0.0
stress_0,2026-08-15T21:39:46.366349+00:00,0.0,4.01171875,0.01171875,0.0
stress_0,2026-08-15T21:39:46.867331+00:00,0.0,4.01171875,0.01171875,0.0
stress_0,2026-08-15T21:39:47.368870+00:00,0.0,4.01171875,0.01171875,0.0
stress_0,2026-08-15T21:39:47.870037+00:00,0.0,4.01171875,0.01171875,0.0
stress_0,2026-08-15T21:39:48.371074+00:00,0.0,4.01171875,0.01171875,0.0
stress_0,2026-08-15T21:39:48.872221+00:00,0.0,4.01171875,0.01171875,0.0
stress_0,2026-08-15T21:39:49.373186+00:00,0.0,4.01171875,0.01171875,0.0
stress_0,2026-08-15T21:39:49.874309+00:00,0.0,4.01171875,0.01171875,0.0
stress_0,2026-08-15T21:39:50.375253+00:00,0.0,4.01171875,0.01171875,0.0
stress_0,2026-08-15T21:39:50.876371+00:00,0.0,4.01171875,0.01171875,0.0
stress_0,2026-08-15T21:39:51.377461+00:00,0.0,4.01171875,0.01171875,0.0
stress_0,2026-08-15T21:39:51.878599+00:00,0.0,4.01171875,0.01171875,0.0
stress_0,2026-08-15T21:39:52.379684+00:00,0.0,4.01171875,0.01171875,0.0
stress_0,2026-08-15T21:39:52.880814+00:00,0.0,4.01171875,0.01171875,0.0
stress_0,2026-08-15T21:39:53.381758+00:00,0.0,4.01171875,0.01171875,0.0
stress_0,2026-08-15T21:39:53.882941+00:00,0.0,4.01171875,0.01171875,0.0
stress_0,2026-08-15T21:39:54.384121+00:00,0.0,4.01171875,0.01171875,0.0
stress_0,2026-08-15T21:39:54.885263+00:00,0.0,4.01171875,0.01171875,0.0
stress_0,2026-08-15T21:39:55.386370+00:00,0.0,4.01171875,0.01171875,0.0
stress_0,2026-08-15T21:39:55.887512+00:00,0.0,4.01171875,0.01171875,0.0
stress_0,2026-08-15T21:39:56.388469+00:00,0.0,4.01171875,0.01171875,0.0
stress_0,2026-08-15T21:39:56.889689+00:00,0.0,4.01171875,0.01171875,0.0
stress_0,2026-08-15T21:39:57.390798+00:00,0.0,4.01171875,0.01171875,0.0
stress_0,2026-08-15T21:39:57.891936+00:00,0.0,4.01171875,0.01171875,0.0
stress_0,2026-08-15T21:39:58.393122+00:00,0.0,4.01171875,0.01171875,0.0
stress_0,2026-08-15T21:39:58.894229+00:00,0.0,4.01171875,0.01171875,0.0
stress_0,2026-08-15T21:39:59.395366+00:00,0.0,4.01171875,0.01171875,0.0
stress_0,2026-08-15T21:39:59.895883+00:00,0.0,4.01171875,0.01171875,0.0
stress_0,2026-08-15T21:40:00.396942+00:00,0.0,4.01171875,0.01171875,0.0
stress_0,2026-08-15T21:40:00.898102+00:00,0.0,4.01171875,0.01171875,0.0
stress_0,2026-08-15T21:40:01.399250+00:00,0.0,4.01171875,0.01171875,0.0
stress_0,2026-08-15T21:40:01.900373+00:00,0.0,4.01171875,0.01171875,0.0
stress_0,2026-08-15T21:40:02.401612+00:00,0.0,4.01171875,0.01171875,0.0
stress_0,2026-08-15T21:40:02.902835+00:00,0.0,4.01171875,0.01171875,0.0
stress_0,2026-08-15T21:40:03.403917+00:00,0.0,4.01171875,0.01171875,0.0
stress_0,2026-08-15T21:40:03.905088+00:00,0.0,4.01171875,0.01171875,0.0
stress_0,2026-08-15T21:40:04.406346+00:00,0.0,4.01171875,0.01171875,0.0
stress_0,2026-08-15T21:40:04.907412+00:00,0.0,4.01171875,0.01171875,0.0
stress_0,2026-08-15T21:40:05.408549+00:00,0.0,4.01171875,0.01171875,0.0
stress_0,2026-08-15T21:40:05.909529+00:00,0.0,4.01171875,0.01171875,0.0
stress_0,2026-08-15T21:40:06.410641+00:00,0.0,4.01171875,0.01171875,0.0
stress_0,2026-08-15T21:40:06.911342+00:00,0.0,4.01171875,0.01171875,0.0
stress_0,2026-08-15T21:40:07.412508+00:00,0.0,4.01171875,0.01171875,0.0
stress_0,2026-08-15T21:40:07.913529+00:00,0.0,4.01171875,0.01171875,0.0
stress_0,2026-08-15T21:40:08.414809+00:00,0.0,4.01171875,0.01171875,0.0
stress_0,2026-08-15T21:40:08.916045+00:00,0.0,4.01171875,0.01171875,0.0
stress_0,2026-08-15T21:40:09.417176+00:00,0.0,4.01171875,0.01171875,0.0
stress_0,2026-08-15T21:40:09.918249+00:00,0.0,4.01171875,0.01171875,0.0
stress_0,2026-08-15T21:40:10.419000+00:00,0.0,4.01171875,0.01171875,0.0
stress_0,2026-08-15T21:40:10.919909+00:00,0.0,4.01171875,0.01171875,0.0
stress_0,2026-08-15T21:40:11.420452+00:00,0.0,4.01171875,0.01171875,0.0
stress_0,2026-08-15T21:40:11.921075+00:00,0.0,4.01171875,0.01171875,0.0
stress_0,2026-08-15T21:40:12.422407+00:00,0.0,4.01171875,0.01171875,0.0
stress_0,2026-08-15T21:40:12.923452+00:00,0.0,4.01171875,0.01171875,0.0
stress_0,2026-08-15T21:40:13.424154+00:00,0.0,4.01171875,0.01171875,0.0
stress_0,2026-08-15T21:40:13.925097+00:00,0.0,4.01171875,0.01171875,0.0
stress_0,2026-08-15T21:40:14.426052+00:00,0.0,4.01171875,0.01171875,0.0
stress_0,2026-08-15T21:40:14.926920+00:00,0.0,4.01171875,0.01171875,0.0
stress_0,2026-08-15T21:40:15.427904+00:00,0.0,4.01171875,0.01171875,0.0
stress_0,2026-08-15T21:40:15.928837+00:00,0.0,4.01171875,0.01171875,0.0
stress_0,2026-08-15T21:40:16.429756+00:00,0.0,4.01171875,0.01171875,0.0
stress_0,2026-08-15T21:40:16.930354+00:00,0.0,4.01171875,0.01171875,0.0
stress_0,2026-08-15T21:40:17.431278+00:00,0.0,4.01171875,0.01171875,0.0
stress_0,2026-08-15T21:40:17.932071+00:00,0.0,4.01171875,0.01171875,0.0
stress_0,2026-08-15T21:40:18.433112+00:00,0.0,4.01171875,0.01171875,0.0
stress_0,2026-08-15T21:40:18.934058+00:00,0.0,4.01171875,0.01171875,0.0
stress_0,2026-08-15T21:40:19.435008+00:00,0.0,4.01171875,0.01171875,0.0
stress_0,2026-08-15T21:40:19.935938+00:00,0.0,4.01171875,0.01171875,0.0
stress_0,2026-08-15T21:40:20.436901+00:00,0.0,4.01171875,0.01171875,0.0
stress_0,2026-08-15T21:40:20.937850+00:00,0.0,4.01171875,0.01171875,0.0
stress_0,2026-08-15T21:40:21.438732+00:00,0.0,4.01171875,0.01171875,0.0
stress_0,2026-08-15T21:40:21.939711+00:00,0.0,4.01171875,0.01171875,0.0
stress_0,2026-08-15T21:40:22.440658+00:00,0.0,4.01171875,0.01171875,0.0
stress_0,2026-08-15T21:40:22.941623+00:00,0.0,4.01171875,0.01171875,0.0
stress_0,2026-08-15T21:40:23.442576+00:00,0.0,4.01171875,0.01171875,0.0
stress_0,2026-08-15T21:40:23.943519+00:00,0.0,4.01171875,0.01171875,0.0
stress_0,2026-08-15T21:40:24.444488+00:00,0.0,4.01171875,0.01171875,0.0
stress_0,2026-08-15T21:40:24.945421+00:00,0.0,4.01171875,0.01171875,0.0
stress_0,2026-08-15T21:40:25.445935+00:00,0.0,4.01171875,0.01171875,0.0
stress_0,2026-08-15T21:40:25.946830+00:00,0.0,4.01171875,0.01171875,0.0
stress_0,2026-08-15T21:40:26.447758+00:00,0.0,4.01171875,0.01171875,0.0
stress_0,2026-08-15T21:40:26.948710+00:00,0.0,4.01171875,0.01171875,0.0
stress_0,2026-08-15T21:40:27.449674+00:00,0.0,4.01171875,0.01171875,0.0
stress_0,2026-08-15T21:40:27.950658+00:00,0.0,4.01171875,0.01171875,0.0
stress_0,2026-08-15T21:40:28.451571+00:00,0.0,4.01171875,0.01171875,0.0
stress_0,2026-08-15T21:40:28.952183+00:00,0.0,4.01171875,0.01171875,0.0
stress_0,2026-08-15T21:40:29.453110+00:00,0.0,4.01171875,0.01171875,0.0
stress_0,2026-08-15T21:40:29.953659+00:00,0.0,4.01171875,0.01171875,0.0
stress_0,2026-08-15T21:40:30.454466+00:00,0.0,4.01171875,0.01171875,0.0
stress_0,2026-08-15T21:40:30.955371+00:00,0.0,4.01171875,0.01171875,0.0
stress_0,2026-08-15T21:40:31.456322+00:00,0.0,4.01171875,0.01171875,0.0
stress_0,2026-08-15T21:40:31.957304+00:00,0.0,4.01171875,0.01171875,0.0
stress_0,2026-08-15T21:40:32.457878+00:00,0.0,4.01171875,0.01171875,0.0
stress_0,2026-08-15T21:40:32.958509+00:00,0.0,4.01171875,0.01171875,0.0
stress_0,2026-08-15T21:40:33.459265+00:00,0.0,4.01171875,0.01171875,0.0
stress_0,2026-08-15T21:40:33.960186+00:00,0.0,4.01171875,0.01171875,0.0
stress_0,2026-08-15T21:40:34.461247+00:00,0.0,4.01171875,0.01171875,0.0
stress_0,2026-08-15T21:40:34.962276+00:00,0.0,4.01171875,0.01171875,0.0
stress_0,2026-08-15T21:40:35.463399+00:00,0.0,4.01171875,0.01171875,0.0
stress_0,2026-08-15T21:40:35.964372+00:00,0.0,4.01171875,0.01171875,0.0
stress_0,2026-08-15T21:40:36.465223+00:00,0.0,4.01171875,0.01171875,0.0
stress_0,2026-08-15T21:40:36.965813+00:00,0.0,4.01171875,0.01171875,0.0
stress_0,2026-08-15T21:40:37.466722+00:00,0.0,4.01171875,0.01171875,0.0
stress_0,2026-08-15T21:40:37.967661+00:00,0.0,4.01171875,0.01171875,0.0
stress_0,2026-08-15T21:40:38.468612+00:00,0.0,4.01171875,0.01171875,0.0
stress_0,2026-08-15T21:40:38.969619+00:00,0.0,4.01171875,0.01171875,0.0
stress_0,2026-08-15T21:40:39.470572+00:00,0.0,4.01171875,0.01171875,0.0
stress_0,2026-08-15T21:40:39.971426+00:00,0.0,4.01171875,0.01171875,0.0
stress_0,2026-08-15T21:40:40.472365+00:00,0.0,4.01171875,0.01171875,0.0
stress_0,2026-08-15T21:40:40.973234+00:00,0.0,4.01171875,0.01171875,0.0
stress_0,2026-08-15T21:40:41.474207+00:00,0.0,4.01171875,0.01171875,0.0
stress_0,2026-08-15T21:40:41.975173+00:00,0.0,4.01171875,0.01171875,0.0
stress_0,2026-08-15T21:40:42.476089+00:00,0.0,4.01171875,0.01171875,0.0
stress_0,2026-08-15T21:40:42.976640+00:00,0.0,4.01171875,0.01171875,0.0
stress_0,2026-08-15T21:40:43.477591+00:00,0.0,4.01171875,0.01171875,0.0
stress_0,2026-08-15T21:40:43.978567+00:00,0.0,4.01171875,0.01171875,0.0
stress_0,2026-08-15T21:40:44.479601+00:00,0.0,4.01171875,0.01171875,0.0
stress_0,2026-08-15T21:40:44.980693+00:00,0.0,4.01171875,0.01171875,0.0
stress_0,2026-08-15T21:40:45.481587+00:00,0.0,4.01171875,0.01171875,0.0
stress_0,2026-08-15T21:40:45.982718+00:00,0.0,4.01171875,0.01171875,0.0
stress_0,2026-08-15T21:40:46.483672+00:00,0.0,4.01171875,0.01171875,0.0
stress_0,2026-08-15T21:40:46.984451+00:00,0.0,4.01171875,0.01171875,0.0
stress_0,2026-08-15T21:40:47.485538+00:00,2.0,4.01171875,0.01171875,0.0
stress_0,2026-08-15T21:40:47.986821+00:00,0.0,4.01171875,0.01171875,0.0
stress_0,2026-08-15T21:40:48.487490+00:00,0.0,4.01171875,0.01171875,0.0
stress_0,2026-08-15T21:40:48.988084+00:00,0.0,4.01171875,0.01171875,0.0
stress_0,2026-08-15T21:40:49.489105+00:00,0.0,4.01171875,0.01171875,0.0
stress_0,2026-08-15T21:40:49.989739+00:00,0.0,4.01171875,0.01171875,0.0
stress_0,2026-08-15T21:40:50.490910+00:00,0.0,4.01171875,0.01171875,0.0
stress_0,2026-08-15T21:40:50.991818+00:00,0.0,4.01171875,0.01171875,0.0
stress_0,2026-08-15T21:40:51.492661+00:00,0.0,4.01171875,0.01171875,0.0
stress_0,2026-08-15T21:40:51.993758+00:00,0.0,4.01171875,0.01171875,0.0
stress_0,2026-08-15T21:40:52.494862+00:00,0.0,4.01171875,0.01171875,0.0
stress_0,2026-08-15T21:40:52.995930+00:00,0.0,4.01171875,0.01171875,0.0
stress_0,2026-08-15T21:40:53.496922+00:00,0.0,4.01171875,0.01171875,0.0
stress_0,2026-08-15T21:40:53.997424+00:00,0.0,4.01171875,0.01171875,0.0
stress_0,2026-08-15T21:40:54.498113+00:00,0.0,4.01171875,0.01171875,0.0
stress_0,2026-08-15T21:40:54.998724+00:00,0.0,4.01171875,0.01171875,0.0
stress_0,2026-08-15T21:40:55.499672+00:00,0.0,4.01171875,0.01171875,0.0
stress_0,2026-08-15T21:40:56.000756+00:00,0.0,4.01171875,0.01171875,0.0
stress_0,2026-08-15T21:40:56.501789+00:00,0.0,4.01171875,0.01171875,0.0
stress_0,2026-08-15T21:40:57.002361+00:00,0.0,4.01171875,0.01171875,0.0
stress_0,2026-08-15T21:40:57.503392+00:00,0.0,4.01171875,0.01171875,0.0
stress_0,2026-08-15T21:40:58.004406+00:00,0.0,4.01171875,0.01171875,0.0
stress_0,2026-08-15T21:40:58.505320+00:00,0.0,4.01171875,0.01171875,0.0
stress_0,2026-08-15T21:40:59.005894+00:00,0.0,4.01171875,0.01171875,0.0
stress_0,2026-08-15T21:40:59.506662+00:00,0.0,4.01171875,0.01171875,0.0
stress_0,2026-08-15T21:41:00.007511+00:00,0.0,4.01171875,0.01171875,0.0
stress_0,2026-08-15T21:41:00.508500+00:00,0.0,4.01171875,0.01171875,0.0
stress_0,2026-08-15T21:41:01.009652+00:00,0.0,4.01171875,0.01171875,0.0
stress_0,2026-08-15T21:41:01.510503+00:00,0.0,4.01171875,0.01171875,0.0
stress_0,2026-08-15T21:41:02.011460+00:00,0.0,4.01171875,0.01171875,0.0
stress_0,2026-08-15T21:41:02.512086+00:00,0.0,4.01171875,0.01171875,0.0
stress_0,2026-08-15T21:41:03.013168+00:00,0.0,4.01171875,0.01171875,0.0
stress_0,2026-08-15T21:41:03.513674+00:00,0.0,4.01171875,0.01171875,0.0
stress_0,2026-08-15T21:41:04.014230+00:00,0.0,4.01171875,0.01171875,0.0
stress_0,2026-08-15T21:41:04.515305+00:00,0.0,4.01171875,0.01171875,0.0
stress_0,2026-08-15T21:41:05.016235+00:00,0.0,4.01171875,0.01171875,0.0
stress_0,2026-08-15T21:41:05.517387+00:00,0.0,4.01171875,0.01171875,0.0
stress_0,2026-08-15T21:41:06.018550+00:00,0.0,4.01171875,0.01171875,0.0
stress_0,2026-08-15T21:41:06.519655+00:00,0.0,4.01171875,0.01171875,0.0
stress_0,2026-08-15T21:41:07.020776+00:00,0.0,4.01171875,0.01171875,0.0
stress_0,2026-08-15T21:41:07.521874+00:00,0.0,4.01171875,0.01171875,0.0
stress_0,2026-08-15T21:41:08.022919+00:00,0.0,4.01171875,0.01171875,0.0
stress_0,2026-08-15T21:41:08.523817+00:00,0.0,4.01171875,0.01171875,0.0
stress_0,2026-08-15T21:41:09.024775+00:00,0.0,4.01171875,0.01171875,0.0
stress_0,2026-08-15T21:41:09.525312+00:00,0.0,4.01171875,0.01171875,0.0
stress_0,2026-08-15T21:41:10.026374+00:00,0.0,4.01171875,0.01171875,0.0
stress_0,2026-08-15T21:41:10.526982+00:00,0.0,4.01171875,0.01171875,0.0
stress_0,2026-08-15T21:41:11.028039+00:00,0.0,4.01171875,0.01171875,0.0
stress_0,2026-08-15T21:41:11.529164+00:00,0.0,4.01171875,0.01171875,0.0
stress_0,2026-08-15T21:41:12.030310+00:00,0.0,4.01171875,0.01171875,0.0
stress_0,2026-08-15T21:41:12.531490+00:00,0.0,4.01171875,0.01171875,0.0
stress_0,2026-08-15T21:41:13.032457+00:00,0.0,4.01171875,0.01171875,0.0
stress_0,2026-08-15T21:41:13.533531+00:00,0.0,4.01171875,0.01171875,0.0
stress_0,2026-08-15T21:41:14.034622+00:00,0.0,4.01171875,0.01171875,0.0
stress_0,2026-08-15T21:41:14.535588+00:00,0.0,4.01171875,0.01171875,0.0
stress_0,2026-08-15T21:41:15.036688+00:00,0.0,4.01171875,0.01171875,0.0
stress_0,2026-08-15T21:41:15.537574+00:00,0.0,4.01171875,0.01171875,0.0
stress_0,2026-08-15T21:41:16.038595+00:00,0.0,4.01171875,0.01171875,0.0
stress_0,2026-08-15T21:41:16.540127+00:00,0.0,4.01171875,0.01171875,0.0
stress_0,2026-08-15T21:41:17.041138+00:00,0.0,4.01171875,0.01171875,0.0
stress_0,2026-08-15T21:41:17.542389+00:00,0.0,4.01171875,0.01171875,0.0
stress_0,2026-08-15T21:41:18.043554+00:00,0.0,4.01171875,0.01171875,0.0
stress_0,2026-08-15T21:41:18.544738+00:00,0.0,4.01171875,0.01171875,0.0
stress_0,2026-08-15T21:41:19.045722+00:00,0.0,4.01171875,0.01171875,0.0
stress_0,2026-08-15T21:41:19.546672+00:00,0.0,4.01171875,0.01171875,0.0
stress_0,2026-08-15T21:41:20.047928+00:00,0.0,4.01171875,0.01171875,0.0
stress_0,2026-08-15T21:41:20.549134+00:00,0.0,4.01171875,0.01171875,0.0
stress_0,2026-08-15T21:41:21.050257+00:00,0.0,4.01171875,0.01171875,0.0
stress_0,2026-08-15T21:41:21.551400+00:00,0.0,4.01171875,0.01171875,0.0
stress_0,2026-08-15T21:41:22.052567+00:00,0.0,4.01171875,0.01171875,0.0
stress_0,2026-08-15T21:41:22.553714+00:00,0.0,4.01171875,0.01171875,0.0
stress_0,2026-08-15T21:41:23.054278+00:00,0.0,4.01171875,0.01171875,0.0
stress_0,2026-08-15T21:41:23.555385+00:00,0.0,4.01171875,0.01171875,0.0
stress_0,2026-08-15T21:41:24.056524+00:00,0.0,4.01171875,0.01171875,0.0
stress_0,2026-08-15T21:41:24.557677+00:00,0.0,4.01171875,0.01171875,0.0
stress_0,2026-08-15T21:41:25.058787+00:00,0.0,4.01171875,0.01171875,0.0
stress_0,2026-08-15T21:41:25.560115+00:00,0.0,4.01171875,0.01171875,0.0
stress_0,2026-08-15T21:41:26.061284+00:00,0.0,4.01171875,0.01171875,0.0
stress_0,2026-08-15T21:41:26.562445+00:00,0.0,4.01171875,0.01171875,0.0
stress_0,2026-08-15T21:41:27.063568+00:00,0.0,4.01171875,0.01171875,0.0
stress_0,2026-08-15T21:41:27.564588+00:00,0.0,4.01171875,0.01171875,0.0
stress_0,2026-08-15T21:41:28.065565+00:00,0.0,4.01171875,0.01171875,0.0
stress_0,2026-08-15T21:41:28.566384+00:00,0.0,4.01171875,0.01171875,0.0
stress_0,2026-08-15T21:41:29.067503+00:00,0.0,4.01171875,0.01171875,0.0
stress_0,2026-08-15T21:41:29.568641+00:00,0.0,4.01171875,0.01171875,0.0
stress_0,2026-08-15T21:41:30.069627+00:00,0.0,4.01171875,0.01171875,0.0
stress_0,2026-08-15T21:41:30.570811+00:00,0.0,4.01171875,0.01171875,0.0
stress_0,2026-08-15T21:41:31.072448+00:00,0.0,4.01171875,0.01171875,0.0
stress_0,2026-08-15T21:41:31.573189+00:00,0.0,4.01171875,0.01171875,0.0
stress_0,2026-08-15T21:41:32.074037+00:00,0.0,4.01171875,0.01171875,0.0
stress_0,2026-08-15T21:41:32.574587+00:00,0.0,4.01171875,0.01171875,0.0
stress_0,2026-08-15T21:41:33.075383+00:00,0.0,4.01171875,0.01171875,0.0
stress_0,2026-08-15T21:41:33.576517+00:00,0.0,4.01171875,0.01171875,0.0
stress_0,2026-08-15T21:41:34.077503+00:00,0.0,4.01171875,0.01171875,0.0
stress_0,2026-08-15T21:41:34.578583+00:00,0.0,4.01171875,0.01171875,0.0
stress_0,2026-08-15T21:41:35.079693+00:00,0.0,4.01171875,0.01171875,0.0
stress_0,2026-08-15T21:41:35.580276+00:00,0.0,4.01171875,0.01171875,0.0
stress_0,2026-08-15T21:41:36.080769+00:00,0.0,4.01171875,0.01171875,0.0
stress_0,2026-08-15T21:41:36.581535+00:00,0.0,4.01171875,0.01171875,0.0
stress_0,2026-08-15T21:41:37.082084+00:00,0.0,4.01171875,0.01171875,0.0
stress_0,2026-08-15T21:41:37.582751+00:00,0.0,4.01171875,0.01171875,0.0
stress_0,2026-08-15T21:41:38.083876+00:00,0.0,4.01171875,0.01171875,0.0
stress_0,2026-08-15T21:41:38.584877+00:00,2.0,4.01171875,0.01171875,0.0
stress_0,2026-08-15T21:41:39.085802+00:00,0.0,4.01171875,0.01171875,0.0
stress_0,2026-08-15T21:41:39.586938+00:00,0.0,4.01171875,0.01171875,0.0
stress_0,2026-08-15T21:41:40.087496+00:00,0.0,4.01171875,0.01171875,0.0
stress_0,2026-08-15T21:41:40.588362+00:00,0.0,4.01171875,0.01171875,0.0
stress_0,2026-08-15T21:41:41.089175+00:00,0.0,4.01171875,0.01171875,0.0
stress_0,2026-08-15T21:41:41.590050+00:00,0.0,4.01171875,0.01171875,0.0
stress_0,2026-08-15T21:41:42.090880+00:00,0.0,4.01171875,0.01171875,0.0
stress_0,2026-08-15T21:41:42.591887+00:00,0.0,4.01171875,0.01171875,0.0
stress_0,2026-08-15T21:41:43.092868+00:00,0.0,4.01171875,0.01171875,0.0
stress_0,2026-08-15T21:41:43.593917+00:00,0.0,4.01171875,0.01171875,0.0
stress_0,2026-08-15T21:41:44.095060+00:00,0.0,4.01171875,0.01171875,0.0
stress_0,2026-08-15T21:41:44.596216+00:00,0.0,4.01171875,0.01171875,0.0
stress_0,2026-08-15T21:41:45.097384+00:00,0.0,4.01171875,0.01171875,0.0
stress_0,2026-08-15T21:41:45.598523+00:00,0.0,4.01171875,0.01171875,0.0
stress_0,2026-08-15T21:41:46.099643+00:00,0.0,4.01171875,0.01171875,0.0
stress_0,2026-08-15T21:41:46.601117+00:00,0.0,4.01171875,0.01171875,0.0
stress_0,2026-08-15T21:41:47.102679+00:00,0.0,4.01171875,0.01171875,0.0
stress_0,2026-08-15T21:41:47.603837+00:00,0.0,4.01171875,0.01171875,0.0
stress_0,2026-08-15T21:41:48.104895+00:00,0.0,4.01171875,0.01171875,0.0
stress_0,2026-08-15T21:41:48.606171+00:00,0.0,4.01171875,0.01171875,0.0
stress_0,2026-08-15T21:41:49.107365+00:00,0.0,4.01171875,0.01171875,0.0
stress_0,2026-08-15T21:41:49.608527+00:00,0.0,4.01171875,0.01171875,0.0
stress_0,2026-08-15T21:41:50.109656+00:00,0.0,4.01171875,0.01171875,0.0
stress_0,2026-08-15T21:41:50.610784+00:00,0.0,4.01171875,0.01171875,0.0
stress_0,2026-08-15T21:41:51.112095+00:00,0.0,4.01171875,0.01171875,0.0
stress_0,2026-08-15T21:41:51.613324+00:00,0.0,4.01171875,0.01171875,0.0
stress_0,2026-08-15T21:41:52.114465+00:00,0.0,4.01171875,0.01171875,0.0
stress_0,2026-08-15T21:41:52.615613+00:00,0.0,4.01171875,0.01171875,0.0
stress_0,2026-08-15T21:41:53.116228+00:00,0.0,4.01171875,0.01171875,0.0
stress_0,2026-08-15T21:41:53.616998+00:00,0.0,4.01171875,0.01171875,0.0
stress_0,2026-08-15T21:41:54.117479+00:00,0.0,4.01171875,0.01171875,0.0
stress_0,2026-08-15T21:41:54.618150+00:00,0.0,4.01171875,0.01171875,0.0
stress_0,2026-08-15T21:41:55.118690+00:00,0.0,4.01171875,0.01171875,0.0
stress_0,2026-08-15T21:41:55.619413+00:00,0.0,4.01171875,0.01171875,0.0
stress_0,2026-08-15T21:41:56.120120+00:00,0.0,4.01171875,0.01171875,0.0
stress_0,2026-08-15T21:41:56.620771+00:00,0.0,4.01171875,0.01171875,0.0
stress_0,2026-08-15T21:41:57.121494+00:00,0.0,4.01171875,0.01171875,0.0
stress_0,2026-08-15T21:41:57.622006+00:00,0.0,4.01171875,0.01171875,0.0
stress_0,2026-08-15T21:41:58.122696+00:00,0.0,4.01171875,0.01171875,0.0
stress_0,2026-08-15T21:41:58.623442+00:00,0.0,4.01171875,0.01171875,0.0
stress_0,2026-08-15T21:41:59.124268+00:00,0.0,4.01171875,0.01171875,0.0
stress_0,2026-08-15T21:41:59.625214+00:00,0.0,4.01171875,0.01171875,0.0
stress_0,2026-08-15T21:42:00.125728+00:00,0.0,4.01171875,0.01171875,0.0
stress_0,2026-08-15T21:42:00.626276+00:00,0.0,4.01171875,0.01171875,0.0
stress_0,2026-08-15T21:42:01.126728+00:00,0.0,4.01171875,0.01171875,0.0
stress_0,2026-08-15T21:42:01.627231+00:00,0.0,4.01171875,0.01171875,0.0
stress_0,2026-08-15T21:42:02.127675+00:00,0.0,4.01171875,0.01171875,0.0
stress_0,2026-08-15T21:42:02.628618+00:00,0.0,4.01171875,0.01171875,0.0
stress_0,2026-08-15T21:42:03.129749+00:00,0.0,4.01171875,0.01171875,0.0
stress_0,2026-08-15T21:42:03.630846+00:00,0.0,4.01171875,0.01171875,0.0
stress_0,2026-08-15T21:42:04.131948+00:00,0.0,4.01171875,0.01171875,0.0
stress_0,2026-08-15T21:42:04.632561+00:00,0.0,4.01171875,0.01171875,0.0
stress_0,2026-08-15T21:42:05.133638+00:00,0.0,4.01171875,0.01171875,0.0
stress_0,2026-08-15T21:42:05.634797+00:00,0.0,4.01171875,0.01171875,0.0
stress_0,2026-08-15T21:42:06.135959+00:00,0.0,4.01171875,0.01171875,0.0
stress_0,2026-08-15T21:42:06.636617+00:00,0.0,4.01171875,0.01171875,0.0
stress_0,2026-08-15T21:42:07.137491+00:00,0.0,4.01171875,0.01171875,0.0
stress_0,2026-08-15T21:42:07.638581+00:00,0.0,4.01171875,0.01171875,0.0
stress_0,2026-08-15T21:42:08.139109+00:00,0.0,4.01171875,0.01171875,0.0
stress_0,2026-08-15T21:42:08.640179+00:00,0.0,4.01171875,0.01171875,0.0
stress_0,2026-08-15T21:42:09.141245+00:00,0.0,4.01171875,0.01171875,0.0
stress_0,2026-08-15T21:42:09.642371+00:00,0.0,4.01171875,0.01171875,0.0
stress_0,2026-08-15T21:42:10.143692+00:00,0.0,4.01171875,0.01171875,0.0
stress_0,2026-08-15T21:42:10.644828+00:00,0.0,4.01171875,0.01171875,0.0
stress_0,2026-08-15T21:42:11.145908+00:00,0.0,4.01171875,0.01171875,0.0
stress_0,2026-08-15T21:42:11.647096+00:00,0.0,4.01171875,0.01171875,0.0
stress_0,2026-08-15T21:42:12.148256+00:00,0.0,4.01171875,0.01171875,0.0
stress_0,2026-08-15T21:42:12.648815+00:00,0.0,4.01171875,0.01171875,0.0
stress_0,2026-08-15T21:42:13.149872+00:00,0.0,4.01171875,0.01171875,0.0
stress_0,2026-08-15T21:42:13.650925+00:00,0.0,4.01171875,0.01171875,0.0
stress_0,2026-08-15T21:42:14.152093+00:00,0.0,4.01171875,0.01171875,0.0
stress_0,2026-08-15T21:42:14.653201+00:00,0.0,4.01171875,0.01171875,0.0
stress_0,2026-08-15T21:42:15.154399+00:00,0.0,4.01171875,0.01171875,0.0
stress_0,2026-08-15T21:42:15.655512+00:00,0.0,4.01171875,0.01171875,0.0
stress_0,2026-08-15T21:42:16.156640+00:00,0.0,4.01171875,0.01171875,0.0
stress_0,2026-08-15T21:42:16.657785+00:00,0.0,4.01171875,0.01171875,0.0
stress_0,2026-08-15T21:42:17.158870+00:00,0.0,4.01171875,0.01171875,0.0
stress_0,2026-08-15T21:42:17.659922+00:00,0.0,4.01171875,0.01171875,0.0
stress_0,2026-08-15T21:42:18.161109+00:00,0.0,4.01171875,0.01171875,0.0
stress_0,2026-08-15T21:42:18.662205+00:00,0.0,4.01171875,0.01171875,0.0
stress_0,2026-08-15T21:42:19.163384+00:00,0.0,4.01171875,0.01171875,0.0
stress_0,2026-08-15T21:42:19.664525+00:00,0.0,4.01171875,0.01171875,0.0
stress_0,2026-08-15T21:42:20.165675+00:00,0.0,4.01171875,0.01171875,0.0
stress_0,2026-08-15T21:42:20.666618+00:00,0.0,4.01171875,0.01171875,0.0
stress_0,2026-08-15T21:42:21.167162+00:00,0.0,4.01171875,0.01171875,0.0
stress_0,2026-08-15T21:42:21.668080+00:00,0.0,4.01171875,0.01171875,0.0
stress_0,2026-08-15T21:42:22.169209+00:00,0.0,4.01171875,0.01171875,0.0
stress_0,2026-08-15T21:42:22.670150+00:00,0.0,4.01171875,0.01171875,0.0
stress_0,2026-08-15T21:42:23.171089+00:00,0.0,4.01171875,0.01171875,0.0
stress_0,2026-08-15T21:42:23.672201+00:00,0.0,4.01171875,0.01171875,0.0
stress_0,2026-08-15T21:42:24.173343+00:00,0.0,4.01171875,0.01171875,0.0
stress_0,2026-08-15T21:42:24.674468+00:00,0.0,4.01171875,0.01171875,0.0
stress_0,2026-08-15T21:42:25.175609+00:00,0.0,4.01171875,0.01171875,0.0
stress_0,2026-08-15T21:42:25.676214+00:00,0.0,4.01171875,0.01171875,0.0
stress_0,2026-08-15T21:42:26.177035+00:00,0.0,4.01171875,0.01171875,0.0
stress_0,2026-08-15T21:42:26.677788+00:00,0.0,4.01171875,0.01171875,0.0
stress_0,2026-08-15T21:42:27.178713+00:00,0.0,4.01171875,0.01171875,0.0
stress_0,2026-08-15T21:42:27.679306+00:00,0.0,4.01171875,0.01171875,0.0
stress_0,2026-08-15T21:42:28.179828+00:00,0.0,4.01171875,0.01171875,0.0
stress_0,2026-08-15T21:42:28.680466+00:00,0.0,4.01171875,0.01171875,0.0
stress_0,2026-08-15T21:42:29.181313+00:00,0.0,4.01171875,0.01171875,0.0
stress_0,2026-08-15T21:42:29.682334+00:00,0.0,4.01171875,0.01171875,0.0
stress_0,2026-08-15T21:42:30.183308+00:00,0.0,4.01171875,0.01171875,0.0
stress_0,2026-08-15T21:42:30.684147+00:00,0.0,4.01171875,0.01171875,0.0
stress_0,2026-08-15T21:42:31.184956+00:00,0.0,4.01171875,0.01171875,0.0
stress_0,2026-08-15T21:42:31.685516+00:00,0.0,4.01171875,0.01171875,0.0
stress_0,2026-08-15T21:42:32.186428+00:00,0.0,4.01171875,0.01171875,0.0
stress_0,2026-08-15T21:42:32.687385+00:00,0.0,4.01171875,0.01171875,0.0
stress_0,2026-08-15T21:42:33.187934+00:00,0.0,4.01171875,0.01171875,0.0
stress_0,2026-08-15T21:42:33.688479+00:00,0.0,4.01171875,0.01171875,0.0
stress_0,2026-08-15T21:42:34.189471+00:00,0.0,4.01171875,0.01171875,0.0
stress_0,2026-08-15T21:42:34.690440+00:00,0.0,4.01171875,0.01171875,0.0
stress_0,2026-08-15T21:42:35.191590+00:00,0.0,4.01171875,0.01171875,0.0
stress_0,2026-08-15T21:42:35.692731+00:00,0.0,4.01171875,0.01171875,0.0
stress_0,2026-08-15T21:42:36.193876+00:00,0.0,4.01171875,0.01171875,0.0
stress_0,2026-08-15T21:42:36.694965+00:00,0.0,4.01171875,0.01171875,0.0
stress_0,2026-08-15T21:42:37.196223+00:00,0.0,4.01171875,0.01171875,0.0
stress_0,2026-08-15T21:42:37.697086+00:00,0.0,4.01171875,0.01171875,0.0
stress_0,2026-08-15T21:42:38.197819+00:00,0.0,4.01171875,0.01171875,0.0
stress_0,2026-08-15T21:42:38.698508+00:00,0.0,4.01171875,0.01171875,0.0
stress_0,2026-08-15T21:42:39.199661+00:00,0.0,4.01171875,0.01171875,0.0
stress_0,2026-08-15T21:42:39.700176+00:00,0.0,4.01171875,0.01171875,0.0
stress_0,2026-08-15T21:42:40.200644+00:00,0.0,4.01171875,0.01171875,0.0
stress_0,2026-08-15T21:42:40.701564+00:00,0.0,4.01171875,0.01171875,0.0
stress_0,2026-08-15T21:42:41.202182+00:00,0.0,4.01171875,0.01171875,0.0
stress_0,2026-08-15T21:42:41.702856+00:00,0.0,4.01171875,0.01171875,0.0
stress_0,2026-08-15T21:42:42.203387+00:00,0.0,4.01171875,0.01171875,0.0
stress_0,2026-08-15T21:42:42.703960+00:00,0.0,4.01171875,0.01171875,0.0
stress_0,2026-08-15T21:42:43.204873+00:00,0.0,4.01171875,0.01171875,0.0
stress_0,2026-08-15T21:42:43.705357+00:00,0.0,4.01171875,0.01171875,0.0
stress_0,2026-08-15T21:42:44.205863+00:00,0.0,4.01171875,0.01171875,0.0
stress_0,2026-08-15T21:42:44.706714+00:00,0.0,4.01171875,0.01171875,0.0
stress_0,2026-08-15T21:42:45.207558+00:00,0.0,4.01171875,0.01171875,0.0
stress_0,2026-08-15T21:42:45.708096+00:00,0.0,4.01171875,0.01171875,0.0
stress_0,2026-08-15T21:42:46.208584+00:00,0.0,4.01171875,0.01171875,0.0
stress_0,2026-08-15T21:42:46.709161+00:00,0.0,4.01171875,0.01171875,0.0
stress_0,2026-08-15T21:42:47.210018+00:00,0.0,4.01171875,0.01171875,0.0
stress_0,2026-08-15T21:42:47.710520+00:00,0.0,4.01171875,0.01171875,0.0
stress_0,2026-08-15T21:42:48.211073+00:00,0.0,4.01171875,0.01171875,0.0
stress_0,2026-08-15T21:42:48.711830+00:00,0.0,4.01171875,0.01171875,0.0
stress_0,2026-08-15T21:42:49.212648+00:00,0.0,4.01171875,0.01171875,0.0
stress_0,2026-08-15T21:42:49.713426+00:00,0.0,4.01171875,0.01171875,0.0
stress_0,2026-08-15T21:42:50.214134+00:00,0.0,4.01171875,0.01171875,0.0
stress_0,2026-08-15T21:42:50.714912+00:00,0.0,4.01171875,0.01171875,0.0
stress_0,2026-08-15T21:42:51.215727+00:00,0.0,4.01171875,0.01171875,0.0
stress_0,2026-08-15T21:42:51.716634+00:00,0.0,4.01171875,0.01171875,0.0
stress_0,2026-08-15T21:42:52.217384+00:00,0.0,4.01171875,0.01171875,0.0
stress_0,2026-08-15T21:42:52.718250+00:00,0.0,4.01171875,0.01171875,0.0
stress_0,2026-08-15T21:42:53.218819+00:00,0.0,4.01171875,0.01171875,0.0
stress_0,2026-08-15T21:42:53.719643+00:00,0.0,4.01171875,0.01171875,0.0
stress_0,2026-08-15T21:42:54.220364+00:00,0.0,4.01171875,0.01171875,0.0
stress_0,2026-08-15T21:42:54.721228+00:00,0.0,4.01171875,0.01171875,0.0
stress_0,2026-08-15T21:42:55.221905+00:00,0.0,4.01171875,0.01171875,0.0
stress_0,2026-08-15T21:42:55.722348+00:00,0.0,4.01171875,0.01171875,0.0
stress_0,2026-08-15T21:42:56.222885+00:00,0.0,4.01171875,0.01171875,0.0
stress_0,2026-08-15T21:42:56.723677+00:00,0.0,4.01171875,0.01171875,0.0
stress_0,2026-08-15T21:42:57.224264+00:00,0.0,4.01171875,0.01171875,0.0
stress_0,2026-08-15T21:42:57.725178+00:00,0.0,4.01171875,0.01171875,0.0
stress_0,2026-08-15T21:42:58.226000+00:00,0.0,4.01171875,0.01171875,0.0
stress_0,2026-08-15T21:42:58.726521+00:00,0.0,4.01171875,0.01171875,0.0
stress_0,2026-08-15T21:42:59.227236+00:00,0.0,4.01171875,0.01171875,0.0
stress_0,2026-08-15T21:42:59.728029+00:00,0.0,4.01171875,0.01171875,0.0
stress_0,2026-08-15T21:43:00.228824+00:00,0.0,4.01171875,0.01171875,0.0
stress_0,2026-08-15T21:43:00.729740+00:00,0.0,4.01171875,0.01171875,0.0
stress_0,2026-08-15T21:43:01.230585+00:00,0.0,4.01171875,0.01171875,0.0
stress_0,2026-08-15T21:43:01.731136+00:00,0.0,4.01171875,0.01171875,0.0
stress_0,2026-08-15T21:43:02.232025+00:00,0.0,4.01171875,0.01171875,0.0
stress_0,2026-08-15T21:43:02.732573+00:00,0.0,4.01171875,0.01171875,0.0
stress_0,2026-08-15T21:43:03.233218+00:00,0.0,4.01171875,0.01171875,0.0
stress_0,2026-08-15T21:43:03.733944+00:00,0.0,4.01171875,0.01171875,0.0
stress_0,2026-08-15T21:43:04.234826+00:00,0.0,4.01171875,0.01171875,0.0
stress_0,2026-08-15T21:43:04.735727+00:00,0.0,4.01171875,0.01171875,0.0
stress_0,2026-08-15T21:43:05.236348+00:00,0.0,4.01171875,0.01171875,0.0
stress_0,2026-08-15T21:43:05.736985+00:00,0.0,4.01171875,0.01171875,0.0
stress_0,2026-08-15T21:43:06.237638+00:00,0.0,4.01171875,0.01171875,0.0
stress_0,2026-08-15T21:43:06.738518+00:00,0.0,4.01171875,0.01171875,0.0
stress_0,2026-08-15T21:43:07.239159+00:00,0.0,4.01171875,0.01171875,0.0
stress_0,2026-08-15T21:43:07.740059+00:00,0.0,4.01171875,0.01171875,0.0
stress_0,2026-08-15T21:43:08.241115+00:00,0.0,4.01171875,0.01171875,0.0
stress_0,2026-08-15T21:43:08.741881+00:00,0.0,4.01171875,0.01171875,0.0
stress_0,2026-08-15T21:43:09.242809+00:00,0.0,4.01171875,0.01171875,0.0
stress_0,2026-08-15T21:43:09.743341+00:00,0.0,4.01171875,0.01171875,0.0
stress_0,2026-08-15T21:43:10.243850+00:00,0.0,4.01171875,0.01171875,0.0
stress_0,2026-08-15T21:43:10.744357+00:00,0.0,4.01171875,0.01171875,0.0
stress_0,2026-08-15T21:43:11.245033+00:00,0.0,4.01171875,0.01171875,0.0
stress_0,2026-08-15T21:43:11.745580+00:00,0.0,4.01171875,0.01171875,0.0
stress_0,2026-08-15T21:43:12.246116+00:00,0.0,4.01171875,0.01171875,0.0
stress_0,2026-08-15T21:43:12.746605+00:00,0.0,4.01171875,0.01171875,0.0
stress_0,2026-08-15T21:43:13.247109+00:00,0.0,4.01171875,0.01171875,0.0
stress_0,2026-08-15T21:43:13.747682+00:00,0.0,4.01171875,0.01171875,0.0
stress_0,2026-08-15T21:43:14.248182+00:00,0.0,4.01171875,0.01171875,0.0
stress_0,2026-08-15T21:43:14.749107+00:00,0.0,4.01171875,0.01171875,0.0
stress_0,2026-08-15T21:43:15.250270+00:00,0.0,4.01171875,0.01171875,0.0
stress_0,2026-08-15T21:43:15.751456+00:00,0.0,4.01171875,0.01171875,0.0
stress_0,2026-08-15T21:43:16.252726+00:00,0.0,4.01171875,0.01171875,0.0
stress_0,2026-08-15T21:43:16.753597+00:00,0.0,4.01171875,0.01171875,0.0
stress_0,2026-08-15T21:43:17.254738+00:00,0.0,4.01171875,0.01171875,0.0
stress_0,2026-08-15T21:43:17.755837+00:00,0.0,4.01171875,0.01171875,0.0
stress_0,2026-08-15T21:43:18.256917+00:00,0.0,4.01171875,0.01171875,0.0
stress_0,2026-08-15T21:43:18.758204+00:00,0.0,4.01171875,0.01171875,0.0
stress_0,2026-08-15T21:43:19.259255+00:00,0.0,4.01171875,0.01171875,0.0
stress_0,2026-08-15T21:43:19.760417+00:00,0.0,4.01171875,0.01171875,0.0
stress_0,2026-08-15T21:43:20.260934+00:00,0.0,4.01171875,0.01171875,0.0
stress_0,2026-08-15T21:43:20.762044+00:00,0.0,4.01171875,0.01171875,0.0
stress_0,2026-08-15T21:43:21.263121+00:00,0.0,4.01171875,0.01171875,0.0
stress_0,2026-08-15T21:43:21.764090+00:00,0.0,4.01171875,0.01171875,0.0
stress_0,2026-08-15T21:43:22.265022+00:00,0.0,4.01171875,0.01171875,0.0
stress_0,2026-08-15T21:43:22.765582+00:00,0.0,4.01171875,0.01171875,0.0
stress_0,2026-08-15T21:43:23.266774+00:00,0.0,4.01171875,0.01171875,0.0
stress_0,2026-08-15T21:43:23.767887+00:00,0.0,4.01171875,0.01171875,0.0
stress_0,2026-08-15T21:43:24.268957+00:00,0.0,4.01171875,0.01171875,0.0
stress_0,2026-08-15T21:43:24.769632+00:00,0.0,4.01171875,0.01171875,0.0
stress_0,2026-08-15T21:43:25.270137+00:00,0.0,4.01171875,0.01171875,0.0
stress_0,2026-08-15T21:43:25.770595+00:00,0.0,4.01171875,0.01171875,0.0
stress_0,2026-08-15T21:43:26.271623+00:00,0.0,4.01171875,0.01171875,0.0
stress_0,2026-08-15T21:43:26.772606+00:00,0.0,4.01171875,0.01171875,0.0
stress_0,2026-08-15T21:43:27.273131+00:00,0.0,4.01171875,0.01171875,0.0
stress_0,2026-08-15T21:43:27.774251+00:00,0.0,4.01171875,0.01171875,0.0
stress_0,2026-08-15T21:43:28.275384+00:00,0.0,4.01171875,0.01171875,0.0
stress_0,2026-08-15T21:43:28.776534+00:00,0.0,4.01171875,0.01171875,0.0
stress_0,2026-08-15T21:43:29.277686+00:00,0.0,4.01171875,0.01171875,0.0
stress_0,2026-08-15T21:43:29.778855+00:00,0.0,4.01171875,0.01171875,0.0
stress_0,2026-08-15T21:43:30.279904+00:00,0.0,4.01171875,0.01171875,0.0
stress_0,2026-08-15T21:43:30.780841+00:00,0.0,4.01171875,0.01171875,0.0
stress_0,2026-08-15T21:43:31.281913+00:00,0.0,4.01171875,0.01171875,0.0
stress_0,2026-08-15T21:43:31.782929+00:00,0.0,4.01171875,0.01171875,0.0
stress_0,2026-08-15T21:43:32.283886+00:00,0.0,4.01171875,0.01171875,0.0
stress_0,2026-08-15T21:43:32.784788+00:00,0.0,4.01171875,0.01171875,0.0
stress_0,2026-08-15T21:43:33.285754+00:00,0.0,4.01171875,0.01171875,0.0
stress_0,2026-08-15T21:43:33.786851+00:00,0.0,4.01171875,0.01171875,0.0
stress_0,2026-08-15T21:43:34.287965+00:00,0.0,4.01171875,0.01171875,0.0
stress_0,2026-08-15T21:43:34.789253+00:00,2.0,4.01171875,0.01171875,0.0
stress_0,2026-08-15T21:43:35.289776+00:00,0.0,4.01171875,0.01171875,0.0
stress_0,2026-08-15T21:43:35.790850+00:00,0.0,4.01171875,0.01171875,0.0
stress_0,2026-08-15T21:43:36.291399+00:00,0.0,4.01171875,0.01171875,0.0
stress_0,2026-08-15T21:43:36.792515+00:00,0.0,4.01171875,0.01171875,0.0
stress_0,2026-08-15T21:43:37.293308+00:00,0.0,4.01171875,0.01171875,0.0
stress_0,2026-08-15T21:43:37.794444+00:00,0.0,4.01171875,0.01171875,0.0
stress_0,2026-08-15T21:43:38.295133+00:00,0.0,4.01171875,0.01171875,0.0
stress_0,2026-08-15T21:43:38.796245+00:00,0.0,4.01171875,0.01171875,0.0
stress_0,2026-08-15T21:43:39.297670+00:00,0.0,4.01171875,0.01171875,0.0
stress_0,2026-08-15T21:43:39.798743+00:00,0.0,4.01171875,0.01171875,0.0
stress_0,2026-08-15T21:43:40.299831+00:00,0.0,4.01171875,0.01171875,0.0
stress_0,2026-08-15T21:43:40.800871+00:00,0.0,4.01171875,0.01171875,0.0
stress_0,2026-08-15T21:43:41.301945+00:00,0.0,4.01171875,0.01171875,0.0
stress_0,2026-08-15T21:43:41.803084+00:00,0.0,4.01171875,0.01171875,0.0
stress_0,2026-08-15T21:43:42.304221+00:00,0.0,4.01171875,0.01171875,0.0
stress_0,2026-08-15T21:43:42.805337+00:00,0.0,4.01171875,0.01171875,0.0
stress_0,2026-08-15T21:43:43.305839+00:00,0.0,4.01171875,0.01171875,0.0
stress_0,2026-08-15T21:43:43.806469+00:00,0.0,4.01171875,0.01171875,0.0
stress_0,2026-08-15T21:43:44.307074+00:00,0.0,4.01171875,0.01171875,0.0
stress_0,2026-08-15T21:43:44.807643+00:00,0.0,4.01171875,0.01171875,0.0
stress_0,2026-08-15T21:43:45.308197+00:00,0.0,4.01171875,0.01171875,0.0
stress_0,2026-08-15T21:43:45.808759+00:00,0.0,4.01171875,0.01171875,0.0
stress_0,2026-08-15T21:43:46.309441+00:00,0.0,4.01171875,0.01171875,0.0
stress_0,2026-08-15T21:43:46.810503+00:00,0.0,4.01171875,0.01171875,0.0
stress_0,2026-08-15T21:43:47.311631+00:00,0.0,4.01171875,0.01171875,0.0
stress_0,2026-08-15T21:43:47.812249+00:00,0.0,4.01171875,0.01171875,0.0
stress_0,2026-08-15T21:43:48.312848+00:00,0.0,4.01171875,0.01171875,0.0
stress_0,2026-08-15T21:43:48.813495+00:00,0.0,4.01171875,0.01171875,0.0
stress_0,2026-08-15T21:43:49.314755+00:00,0.0,4.01171875,0.01171875,0.0
stress_0,2026-08-15T21:43:49.815353+00:00,0.0,4.01171875,0.01171875,0.0
stress_0,2026-08-15T21:43:50.316002+00:00,0.0,4.01171875,0.01171875,0.0
stress_0,2026-08-15T21:43:50.816641+00:00,0.0,4.01171875,0.01171875,0.0
stress_0,2026-08-15T21:43:51.428455+00:00,2.0,4.01171875,0.01171875,0.0
stress_0,2026-08-15T21:43:51.929147+00:00,0.0,4.01171875,0.01171875,0.0
stress_0,2026-08-15T21:43:52.430133+00:00,0.0,4.01171875,0.01171875,0.0
stress_0,2026-08-15T21:43:52.931222+00:00,0.0,4.01171875,0.01171875,0.0
stress_0,2026-08-15T21:43:53.431916+00:00,0.0,4.01171875,0.01171875,0.0
stress_0,2026-08-15T21:43:53.932568+00:00,0.0,4.01171875,0.01171875,0.0
stress_0,2026-08-15T21:43:54.433408+00:00,0.0,4.01171875,0.01171875,0.0
stress_0,2026-08-15T21:43:54.934181+00:00,0.0,4.01171875,0.01171875,0.0
stress_0,2026-08-15T21:43:55.435027+00:00,0.0,4.01171875,0.01171875,0.0
stress_0,2026-08-15T21:43:55.935647+00:00,0.0,4.01171875,0.01171875,0.0
stress_0,2026-08-15T21:43:56.436356+00:00,0.0,4.01171875,0.01171875,0.0
stress_0,2026-08-15T21:43:56.937288+00:00,0.0,4.01171875,0.01171875,0.0
stress_0,2026-08-15T21:43:57.437950+00:00,0.0,4.01171875,0.01171875,0.0
stress_0,2026-08-15T21:43:57.938485+00:00,0.0,4.01171875,0.01171875,0.0
stress_0,2026-08-15T21:43:58.439592+00:00,0.0,4.01171875,0.01171875,0.0
stress_0,2026-08-15T21:43:58.940715+00:00,0.0,4.01171875,0.01171875,0.0
stress_0,2026-08-15T21:43:59.441826+00:00,0.0,4.01171875,0.01171875,0.0
stress_0,2026-08-15T21:43:59.942855+00:00,0.0,4.01171875,0.01171875,0.0
stress_0,2026-08-15T21:44:00.443775+00:00,0.0,4.01171875,0.01171875,0.0
stress_0,2026-08-15T21:44:00.944842+00:00,0.0,4.01171875,0.01171875,0.0
stress_0,2026-08-15T21:44:01.445352+00:00,0.0,4.01171875,0.01171875,0.0
stress_0,2026-08-15T21:44:01.946477+00:00,0.0,4.01171875,0.01171875,0.0
stress_0,2026-08-15T21:44:02.446957+00:00,0.0,4.01171875,0.01171875,0.0
stress_0,2026-08-15T21:44:02.947449+00:00,0.0,4.01171875,0.01171875,0.0
stress_0,2026-08-15T21:44:03.447932+00:00,0.0,4.01171875,0.01171875,0.0
stress_0,2026-08-15T21:44:03.949027+00:00,0.0,4.01171875,0.01171875,0.0
stress_0,2026-08-15T21:44:04.449553+00:00,0.0,4.01171875,0.01171875,0.0
stress_0,2026-08-15T21:44:04.950652+00:00,0.0,4.01171875,0.01171875,0.0
stress_0,2026-08-15T21:44:05.451627+00:00,0.0,4.01171875,0.01171875,0.0
stress_0,2026-08-15T21:44:05.952726+00:00,0.0,4.01171875,0.01171875,0.0
stress_0,2026-08-15T21:44:06.453851+00:00,0.0,4.01171875,0.01171875,0.0
stress_0,2026-08-15T21:44:06.955001+00:00,0.0,4.01171875,0.01171875,0.0
stress_0,2026-08-15T21:44:07.456190+00:00,0.0,4.01171875,0.01171875,0.0
stress_0,2026-08-15T21:44:07.956714+00:00,0.0,4.01171875,0.01171875,0.0
stress_0,2026-08-15T21:44:08.457406+00:00,0.0,4.01171875,0.01171875,0.0
stress_0,2026-08-15T21:44:08.958352+00:00,0.0,4.01171875,0.01171875,0.0
stress_0,2026-08-15T21:44:09.458922+00:00,0.0,4.01171875,0.01171875,0.0
stress_0,2026-08-15T21:44:09.959768+00:00,0.0,4.01171875,0.01171875,0.0
stress_0,2026-08-15T21:44:10.460389+00:00,0.0,4.01171875,0.01171875,0.0
stress_0,2026-08-15T21:44:10.961117+00:00,0.0,4.01171875,0.01171875,0.0
stress_0,2026-08-15T21:44:11.462249+00:00,0.0,4.01171875,0.01171875,0.0
stress_0,2026-08-15T21:44:11.963369+00:00,0.0,4.01171875,0.01171875,0.0
stress_0,2026-08-15T21:44:12.464509+00:00,0.0,4.01171875,0.01171875,0.0
stress_0,2026-08-15T21:44:12.965094+00:00,0.0,4.01171875,0.01171875,0.0
stress_0,2026-08-15T21:44:13.466238+00:00,0.0,4.01171875,0.01171875,0.0
stress_0,2026-08-15T21:44:13.967383+00:00,0.0,4.01171875,0.01171875,0.0
stress_0,2026-08-15T21:44:14.468497+00:00,0.0,4.01171875,0.01171875,0.0
stress_0,2026-08-15T21:44:14.969624+00:00,0.0,4.01171875,0.01171875,0.0
stress_0,2026-08-15T21:44:15.470757+00:00,0.0,4.01171875,0.01171875,0.0
stress_0,2026-08-15T21:44:15.971897+00:00,0.0,4.01171875,0.01171875,0.0
stress_0,2026-08-15T21:44:16.472870+00:00,0.0,4.01171875,0.01171875,0.0
stress_0,2026-08-15T21:44:16.973928+00:00,0.0,4.01171875,0.01171875,0.0
stress_0,2026-08-15T21:44:17.474518+00:00,0.0,4.01171875,0.01171875,0.0
stress_0,2026-08-15T21:44:17.975166+00:00,0.0,4.01171875,0.01171875,0.0
stress_0,2026-08-15T21:44:18.476235+00:00,0.0,4.01171875,0.01171875,0.0
stress_0,2026-08-15T21:44:18.977400+00:00,0.0,4.01171875,0.01171875,0.0
stress_0,2026-08-15T21:44:19.478553+00:00,0.0,4.01171875,0.01171875,0.0
stress_0,2026-08-15T21:44:19.979108+00:00,0.0,4.01171875,0.01171875,0.0
stress_0,2026-08-15T21:44:20.479571+00:00,0.0,4.01171875,0.01171875,0.0
stress_0,2026-08-15T21:44:20.980078+00:00,0.0,4.01171875,0.01171875,0.0
stress_0,2026-08-15T21:44:21.480543+00:00,0.0,4.01171875,0.01171875,0.0
stress_0,2026-08-15T21:44:21.981223+00:00,0.0,4.01171875,0.01171875,0.0
stress_0,2026-08-15T21:44:22.482135+00:00,0.0,4.01171875,0.01171875,0.0
stress_0,2026-08-15T21:44:22.983257+00:00,0.0,4.01171875,0.01171875,0.0
stress_0,2026-08-15T21:44:23.484397+00:00,0.0,4.01171875,0.01171875,0.0
stress_0,2026-08-15T21:44:23.985540+00:00,0.0,4.01171875,0.01171875,0.0
stress_0,2026-08-15T21:44:24.486756+00:00,0.0,4.01171875,0.01171875,0.0
stress_0,2026-08-15T21:44:24.987874+00:00,0.0,4.01171875,0.01171875,0.0
stress_0,2026-08-15T21:44:25.488946+00:00,0.0,4.01171875,0.01171875,0.0
stress_0,2026-08-15T21:44:25.990227+00:00,0.0,4.01171875,0.01171875,0.0
stress_0,2026-08-15T21:44:26.491153+00:00,0.0,4.01171875,0.01171875,0.0
stress_0,2026-08-15T21:44:26.992344+00:00,0.0,4.01171875,0.01171875,0.0
stress_0,2026-08-15T21:44:27.493515+00:00,0.0,4.01171875,0.01171875,0.0
stress_0,2026-08-15T21:44:27.994135+00:00,0.0,4.01171875,0.01171875,0.0
stress_0,2026-08-15T21:44:28.495014+00:00,0.0,4.01171875,0.01171875,0.0
stress_0,2026-08-15T21:44:28.995597+00:00,0.0,4.01171875,0.01171875,0.0
stress_0,2026-08-15T21:44:29.496538+00:00,0.0,4.01171875,0.01171875,0.0
stress_0,2026-08-15T21:44:29.997124+00:00,0.0,4.01171875,0.01171875,0.0
stress_0,2026-08-15T21:44:30.498287+00:00,0.0,4.01171875,0.01171875,0.0
stress_0,2026-08-15T21:44:30.999531+00:00,0.0,4.01171875,0.01171875,0.0
stress_0,2026-08-15T21:44:31.500804+00:00,0.0,4.01171875,0.01171875,0.0
stress_0,2026-08-15T21:44:32.001448+00:00,0.0,4.01171875,0.01171875,0.0
stress_0,2026-08-15T21:44:32.501962+00:00,0.0,4.01171875,0.01171875,0.0
stress_0,2026-08-15T21:44:33.002511+00:00,0.0,4.01171875,0.01171875,0.0
stress_0,2026-08-15T21:44:33.503371+00:00,0.0,4.01171875,0.01171875,0.0
stress_0,2026-08-15T21:44:34.004354+00:00,0.0,4.01171875,0.01171875,0.0
stress_0,2026-08-15T21:44:34.504929+00:00,0.0,4.01171875,0.01171875,0.0
stress_0,2026-08-15T21:44:35.006143+00:00,0.0,4.01171875,0.01171875,0.0
stress_0,2026-08-15T21:44:35.507150+00:00,0.0,4.01171875,0.01171875,0.0
stress_0,2026-08-15T21:44:36.008096+00:00,0.0,4.01171875,0.01171875,0.0
stress_0,2026-08-15T21:44:36.508663+00:00,0.0,4.01171875,0.01171875,0.0
stress_0,2026-08-15T21:44:37.009587+00:00,0.0,4.01171875,0.01171875,0.0
stress_0,2026-08-15T21:44:37.510542+00:00,0.0,4.01171875,0.01171875,0.0
stress_0,2026-08-15T21:44:38.011478+00:00,0.0,4.01171875,0.01171875,0.0
stress_0,2026-08-15T21:44:38.512434+00:00,0.0,4.01171875,0.01171875,0.0
stress_0,2026-08-15T21:44:39.013402+00:00,0.0,4.01171875,0.01171875,0.0
stress_0,2026-08-15T21:44:39.514396+00:00,0.0,4.01171875,0.01171875,0.0
stress_0,2026-08-15T21:44:40.015340+00:00,0.0,4.01171875,0.01171875,0.0
stress_0,2026-08-15T21:44:40.516288+00:00,0.0,4.01171875,0.01171875,0.0
stress_0,2026-08-15T21:44:41.016957+00:00,0.0,4.01171875,0.01171875,0.0
stress_0,2026-08-15T21:44:41.517850+00:00,0.0,4.01171875,0.01171875,0.0
stress_0,2026-08-15T21:44:42.018769+00:00,0.0,4.01171875,0.01171875,0.0
stress_0,2026-08-15T21:44:42.519720+00:00,0.0,4.01171875,0.01171875,0.0
stress_0,2026-08-15T21:44:43.020609+00:00,0.0,4.01171875,0.01171875,0.0
stress_0,2026-08-15T21:44:43.521560+00:00,0.0,4.01171875,0.01171875,0.0
stress_0,2026-08-15T21:44:44.022507+00:00,0.0,4.01171875,0.01171875,0.0
stress_0,2026-08-15T21:44:44.523306+00:00,0.0,4.01171875,0.01171875,0.0
stress_0,2026-08-15T21:44:45.024254+00:00,0.0,4.01171875,0.01171875,0.0
stress_0,2026-08-15T21:44:45.525210+00:00,0.0,4.01171875,0.01171875,0.0
stress_0,2026-08-15T21:44:46.026086+00:00,0.0,4.01171875,0.01171875,0.0
stress_0,2026-08-15T21:44:46.526924+00:00,0.0,4.01171875,0.01171875,0.0
stress_0,2026-08-15T21:44:47.027860+00:00,0.0,4.01171875,0.01171875,0.0
stress_0,2026-08-15T21:44:47.529064+00:00,0.0,4.01171875,0.01171875,0.0
stress_0,2026-08-15T21:44:48.030302+00:00,0.0,4.01171875,0.01171875,0.0
stress_0,2026-08-15T21:44:48.531527+00:00,0.0,4.01171875,0.01171875,0.0
stress_0,2026-08-15T21:44:49.032568+00:00,0.0,4.01171875,0.01171875,0.0
stress_0,2026-08-15T21:44:49.533188+00:00,0.0,4.01171875,0.01171875,0.0
stress_0,2026-08-15T21:44:50.033874+00:00,0.0,4.01171875,0.01171875,0.0
stress_0,2026-08-15T21:44:50.534565+00:00,0.0,4.01171875,0.01171875,0.0
stress_0,2026-08-15T21:44:51.035091+00:00,0.0,4.01171875,0.01171875,0.0
stress_0,2026-08-15T21:44:51.535645+00:00,0.0,4.01171875,0.01171875,0.0
stress_0,2026-08-15T21:44:52.036802+00:00,0.0,4.01171875,0.01171875,0.0
stress_0,2026-08-15T21:44:52.537586+00:00,0.0,4.01171875,0.01171875,0.0
stress_0,2026-08-15T21:44:53.038182+00:00,0.0,4.01171875,0.01171875,0.0
stress_0,2026-08-15T21:44:53.539286+00:00,0.0,4.01171875,0.01171875,0.0
stress_0,2026-08-15T21:44:54.040011+00:00,0.0,4.01171875,0.01171875,0.0
stress_0,2026-08-15T21:44:54.540625+00:00,0.0,4.01171875,0.01171875,0.0
stress_0,2026-08-15T21:44:55.041524+00:00,0.0,4.01171875,0.01171875,0.0
stress_0,2026-08-15T21:44:55.542449+00:00,0.0,4.01171875,0.01171875,0.0
stress_0,2026-08-15T21:44:56.043354+00:00,0.0,4.01171875,0.01171875,0.0
stress_0,2026-08-15T21:44:56.544189+00:00,0.0,4.01171875,0.01171875,0.0
stress_0,2026-08-15T21:44:57.044811+00:00,0.0,4.01171875,0.01171875,0.0
stress_0,2026-08-15T21:44:57.545561+00:00,0.0,4.01171875,0.01171875,0.0
stress_0,2026-08-15T21:44:58.046630+00:00,0.0,4.01171875,0.01171875,0.0
stress_0,2026-08-15T21:44:58.547346+00:00,0.0,4.01171875,0.01171875,0.0
stress_0,2026-08-15T21:44:59.048452+00:00,0.0,4.01171875,0.01171875,0.0
stress_0,2026-08-15T21:44:59.549578+00:00,0.0,4.01171875,0.01171875,0.0
stress_0,2026-08-15T21:45:00.050186+00:00,0.0,4.01171875,0.01171875,0.0
stress_0,2026-08-15T21:45:00.550701+00:00,0.0,4.01171875,0.01171875,0.0
stress_0,2026-08-15T21:45:01.051697+00:00,0.0,4.01171875,0.01171875,0.0
stress_0,2026-08-15T21:45:01.552726+00:00,0.0,4.01171875,0.01171875,0.0
stress_0,2026-08-15T21:45:02.053488+00:00,0.0,4.01171875,0.01171875,0.0
stress_0,2026-08-15T21:45:02.554349+00:00,0.0,4.01171875,0.01171875,0.0
stress_0,2026-08-15T21:45:03.055458+00:00,0.0,4.01171875,0.01171875,0.0
stress_0,2026-08-15T21:45:03.556005+00:00,0.0,4.01171875,0.01171875,0.0
stress_0,2026-08-15T21:45:04.056620+00:00,0.0,4.01171875,0.01171875,0.0
stress_0,2026-08-15T21:45:04.557419+00:00,0.0,4.01171875,0.01171875,0.0
stress_0,2026-08-15T21:45:05.058032+00:00,0.0,4.01171875,0.01171875,0.0
stress_0,2026-08-15T21:45:05.558929+00:00,0.0,4.01171875,0.01171875,0.0
stress_0,2026-08-15T21:45:06.060118+00:00,0.0,4.01171875,0.01171875,0.0
stress_0,2026-08-15T21:45:06.561373+00:00,0.0,4.01171875,0.01171875,0.0
stress_0,2026-08-15T21:45:07.062336+00:00,0.0,4.01171875,0.01171875,0.0
stress_0,2026-08-15T21:45:07.563438+00:00,0.0,4.01171875,0.01171875,0.0
stress_0,2026-08-15T21:45:08.064568+00:00,0.0,4.01171875,0.01171875,0.0
stress_0,2026-08-15T21:45:08.565669+00:00,0.0,4.01171875,0.01171875,0.0
stress_0,2026-08-15T21:45:09.066339+00:00,0.0,4.01171875,0.01171875,0.0
stress_0,2026-08-15T21:45:09.567413+00:00,0.0,4.01171875,0.01171875,0.0
stress_0,2026-08-15T21:45:10.068550+00:00,0.0,4.01171875,0.01171875,0.0
stress_0,2026-08-15T21:45:10.569679+00:00,0.0,4.01171875,0.01171875,0.0
stress_0,2026-08-15T21:45:11.070913+00:00,0.0,4.01171875,0.01171875,0.0
stress_0,2026-08-15T21:45:11.572081+00:00,0.0,4.01171875,0.01171875,0.0
stress_0,2026-08-15T21:45:12.073079+00:00,0.0,4.01171875,0.01171875,0.0
stress_0,2026-08-15T21:45:12.574209+00:00,0.0,4.01171875,0.01171875,0.0
stress_0,2026-08-15T21:45:13.075281+00:00,0.0,4.01171875,0.01171875,0.0
stress_0,2026-08-15T21:45:13.576249+00:00,0.0,4.01171875,0.01171875,0.0
stress_0,2026-08-15T21:45:14.077319+00:00,0.0,4.01171875,0.01171875,0.0
stress_0,2026-08-15T21:45:14.578287+00:00,0.0,4.01171875,0.01171875,0.0
stress_0,2026-08-15T21:45:15.079244+00:00,0.0,4.01171875,0.01171875,0.0
stress_0,2026-08-15T21:45:15.580348+00:00,0.0,4.01171875,0.01171875,0.0
stress_0,2026-08-15T21:45:16.081504+00:00,0.0,4.01171875,0.01171875,0.0
stress_0,2026-08-15T21:45:16.582663+00:00,0.0,4.01171875,0.01171875,0.0
stress_0,2026-08-15T21:45:17.083808+00:00,0.0,4.01171875,0.01171875,0.0
stress_0,2026-08-15T21:45:17.584888+00:00,0.0,4.01171875,0.01171875,0.0
stress_0,2026-08-15T21:45:18.085950+00:00,0.0,4.01171875,0.01171875,0.0
stress_0,2026-08-15T21:45:18.587209+00:00,0.0,4.01171875,0.01171875,0.0
stress_0,2026-08-15T21:45:19.088358+00:00,0.0,4.01171875,0.01171875,0.0
stress_0,2026-08-15T21:45:19.589503+00:00,0.0,4.01171875,0.01171875,0.0
stress_0,2026-08-15T21:45:20.090739+00:00,0.0,4.01171875,0.01171875,0.0
stress_0,2026-08-15T21:45:20.591867+00:00,0.0,4.01171875,0.01171875,0.0
stress_0,2026-08-15T21:45:21.092753+00:00,0.0,4.01171875,0.01171875,0.0
stress_0,2026-08-15T21:45:21.593869+00:00,0.0,4.01171875,0.01171875,0.0
stress_0,2026-08-15T21:45:22.094731+00:00,0.0,4.01171875,0.01171875,0.0
stress_0,2026-08-15T21:45:22.595882+00:00,0.0,4.01171875,0.01171875,0.0
stress_0,2026-08-15T21:45:23.097062+00:00,0.0,4.01171875,0.01171875,0.0
stress_0,2026-08-15T21:45:23.597601+00:00,0.0,4.01171875,0.01171875,0.0
stress_0,2026-08-15T21:45:24.098546+00:00,0.0,4.01171875,0.01171875,0.0
stress_0,2026-08-15T21:45:24.599685+00:00,0.0,4.01171875,0.01171875,0.0
stress_0,2026-08-15T21:45:25.100806+00:00,0.0,4.01171875,0.01171875,0.0
stress_0,2026-08-15T21:45:25.601884+00:00,0.0,4.01171875,0.01171875,0.0
stress_0,2026-08-15T21:45:26.102962+00:00,0.0,4.01171875,0.01171875,0.0
stress_0,2026-08-15T21:45:26.604164+00:00,0.0,4.01171875,0.01171875,0.0
stress_0,2026-08-15T21:45:27.105422+00:00,0.0,4.01171875,0.01171875,0.0
stress_0,2026-08-15T21:45:27.606547+00:00,0.0,4.01171875,0.01171875,0.0
stress_0,2026-08-15T21:45:28.107908+00:00,0.0,4.01171875,0.01171875,0.0
stress_0,2026-08-15T21:45:28.609148+00:00,0.0,4.01171875,0.01171875,0.0
stress_0,2026-08-15T21:45:29.110301+00:00,0.0,4.01171875,0.01171875,0.0
stress_0,2026-08-15T21:45:29.611470+00:00,0.0,4.01171875,0.01171875,0.0
stress_0,2026-08-15T21:45:30.112605+00:00,0.0,4.01171875,0.01171875,0.0
stress_0,2026-08-15T21:45:30.613714+00:00,0.0,4.01171875,0.01171875,0.0
stress_0,2026-08-15T21:45:31.114925+00:00,0.0,4.01171875,0.01171875,0.0
stress_0,2026-08-15T21:45:31.616150+00:00,0.0,4.01171875,0.01171875,0.0
stress_0,2026-08-15T21:45:32.117221+00:00,0.0,4.01171875,0.01171875,0.0
stress_0,2026-08-15T21:45:32.618094+00:00,0.0,4.01171875,0.01171875,0.0
stress_0,2026-08-15T21:45:33.119122+00:00,0.0,4.01171875,0.01171875,0.0
stress_0,2026-08-15T21:45:33.620277+00:00,0.0,4.01171875,0.01171875,0.0
stress_0,2026-08-15T21:45:34.121237+00:00,0.0,4.01171875,0.01171875,0.0
stress_0,2026-08-15T21:45:34.622187+00:00,0.0,4.01171875,0.01171875,0.0
stress_0,2026-08-15T21:45:35.123246+00:00,0.0,4.01171875,0.01171875,0.0
stress_0,2026-08-15T21:45:35.624383+00:00,0.0,4.01171875,0.01171875,0.0
stress_0,2026-08-15T21:45:36.125396+00:00,0.0,4.01171875,0.01171875,0.0
stress_0,2026-08-15T21:45:36.626550+00:00,0.0,4.01171875,0.01171875,0.0
stress_0,2026-08-15T21:45:37.128049+00:00,0.0,4.01171875,0.01171875,0.0
stress_0,2026-08-15T21:45:37.629197+00:00,0.0,4.01171875,0.01171875,0.0
stress_0,2026-08-15T21:45:38.130351+00:00,0.0,4.01171875,0.01171875,0.0
stress_0,2026-08-15T21:45:38.630889+00:00,0.0,4.01171875,0.01171875,0.0
stress_0,2026-08-15T21:45:39.131362+00:00,0.0,4.01171875,0.01171875,0.0
stress_0,2026-08-15T21:45:39.631885+00:00,0.0,4.01171875,0.01171875,0.0
stress_0,2026-08-15T21:45:40.132373+00:00,0.0,4.01171875,0.01171875,0.0
stress_0,2026-08-15T21:45:40.633268+00:00,0.0,4.01171875,0.01171875,0.0
stress_0,2026-08-15T21:45:41.134358+00:00,0.0,4.01171875,0.01171875,0.0
stress_0,2026-08-15T21:45:41.635353+00:00,0.0,4.01171875,0.01171875,0.0
stress_0,2026-08-15T21:45:42.136490+00:00,0.0,4.01171875,0.01171875,0.0
stress_0,2026-08-15T21:45:42.637596+00:00,0.0,4.01171875,0.01171875,0.0
stress_0,2026-08-15T21:45:43.138725+00:00,0.0,4.01171875,0.01171875,0.0
stress_0,2026-08-15T21:45:43.639850+00:00,0.0,4.01171875,0.01171875,0.0
stress_0,2026-08-15T21:45:44.140367+00:00,2.0,4.01171875,0.01171875,0.0
stress_0,2026-08-15T21:45:44.640906+00:00,0.0,4.01171875,0.01171875,0.0
stress_0,2026-08-15T21:45:45.141934+00:00,0.0,4.01171875,0.01171875,0.0
stress_0,2026-08-15T21:45:45.642925+00:00,0.0,4.01171875,0.01171875,0.0
stress_0,2026-08-15T21:45:46.144038+00:00,0.0,4.01171875,0.01171875,0.0
stress_1,2026-08-15T21:45:46.775734+00:00,0.0,0.00390625,0.1015625,0.0
stress_1,2026-08-15T21:45:47.276506+00:00,0.0,4.46484375,0.1171875,0.0
stress_1,2026-08-15T21:45:47.777486+00:00,0.0,4.46484375,0.1171875,0.0
stress_1,2026-08-15T21:45:48.278590+00:00,0.0,4.46484375,0.1171875,0.0
stress_1,2026-08-15T21:45:48.779797+00:00,0.0,4.46484375,0.1171875,0.0
stress_1,2026-08-15T21:45:49.280695+00:00,0.0,4.46484375,0.1171875,0.0
stress_1,2026-08-15T21:45:49.781774+00:00,0.0,4.46484375,0.1171875,0.0
stress_1,2026-08-15T21:45:50.282664+00:00,0.0,4.46484375,0.1171875,0.0
stress_1,2026-08-15T21:45:50.783736+00:00,0.0,4.46484375,0.1171875,0.0
stress_1,2026-08-15T21:45:51.284840+00:00,0.0,4.46484375,0.1171875,0.0
stress_1,2026-08-15T21:45:51.786125+00:00,0.0,4.46484375,0.1171875,0.0
stress_1,2026-08-15T21:45:52.287298+00:00,0.0,4.46484375,0.1171875,0.0
stress_1,2026-08-15T21:45:52.788502+00:00,0.0,4.46484375,0.1171875,0.0
stress_1,2026-08-15T21:45:53.289589+00:00,0.0,4.46484375,0.1171875,0.0
stress_1,2026-08-15T21:45:53.790582+00:00,0.0,4.46484375,0.1171875,0.0
stress_1,2026-08-15T21:45:54.291148+00:00,0.0,4.46484375,0.1171875,0.0
stress_1,2026-08-15T21:45:54.792078+00:00,0.0,4.46484375,0.1171875,0.0
stress_1,2026-08-15T21:45:55.293040+00:00,0.0,4.46484375,0.1171875,0.0
stress_1,2026-08-15T21:45:55.793762+00:00,0.0,4.46484375,0.1171875,0.0
stress_1,2026-08-15T21:45:56.294821+00:00,0.0,4.46484375,0.1171875,0.0
stress_1,2026-08-15T21:45:56.795752+00:00,0.0,4.46484375,0.1171875,0.0
stress_1,2026-08-15T21:45:57.296863+00:00,0.0,4.46484375,0.1171875,0.0
stress_1,2026-08-15T21:45:57.797942+00:00,0.0,4.46484375,0.1171875,0.0
stress_1,2026-08-15T21:45:58.299114+00:00,0.0,4.46484375,0.1171875,0.0
stress_1,2026-08-15T21:45:58.800263+00:00,0.0,4.46484375,0.1171875,0.0
stress_1,2026-08-15T21:45:59.300783+00:00,0.0,4.46484375,0.1171875,0.0
stress_1,2026-08-15T21:45:59.801370+00:00,0.0,4.46484375,0.1171875,0.0
stress_1,2026-08-15T21:46:00.301858+00:00,0.0,4.46484375,0.1171875,0.0
stress_1,2026-08-15T21:46:00.802876+00:00,0.0,4.46484375,0.1171875,0.0
stress_1,2026-08-15T21:46:01.303750+00:00,0.0,4.46484375,0.1171875,0.0
stress_1,2026-08-15T21:46:01.804443+00:00,0.0,4.46484375,0.1171875,0.0
stress_1,2026-08-15T21:46:02.305420+00:00,0.0,4.46484375,0.1171875,0.0
stress_1,2026-08-15T21:46:02.806114+00:00,0.0,4.46484375,0.1171875,0.0
stress_1,2026-08-15T21:46:03.306849+00:00,0.0,4.46484375,0.1171875,0.0
stress_1,2026-08-15T21:46:03.807420+00:00,0.0,4.46484375,0.1171875,0.0
stress_1,2026-08-15T21:46:04.308125+00:00,0.0,4.46484375,0.1171875,0.0
stress_1,2026-08-15T21:46:04.809059+00:00,0.0,4.46484375,0.1171875,0.0
stress_1,2026-08-15T21:46:05.309863+00:00,0.0,4.46484375,0.1171875,0.0
stress_1,2026-08-15T21:46:05.810509+00:00,0.0,4.46484375,0.1171875,0.0
stress_1,2026-08-15T21:46:06.311439+00:00,0.0,4.46484375,0.1171875,0.0
stress_1,2026-08-15T21:46:06.812031+00:00,0.0,4.46484375,0.1171875,0.0
stress_1,2026-08-15T21:46:07.312794+00:00,0.0,4.46484375,0.1171875,0.0
stress_1,2026-08-15T21:46:07.813680+00:00,0.0,4.46484375,0.1171875,0.0
stress_1,2026-08-15T21:46:08.314706+00:00,0.0,4.46484375,0.1171875,0.0
stress_1,2026-08-15T21:46:08.815710+00:00,0.0,4.46484375,0.1171875,0.0
stress_1,2026-08-15T21:46:09.316344+00:00,0.0,4.46484375,0.1171875,0.0
stress_1,2026-08-15T21:46:09.816867+00:00,0.0,4.46484375,0.1171875,0.0
stress_1,2026-08-15T21:46:10.317375+00:00,0.0,4.46484375,0.1171875,0.0
stress_1,2026-08-15T21:46:10.817855+00:00,0.0,4.46484375,0.1171875,0.0
stress_1,2026-08-15T21:46:11.318696+00:00,0.0,4.46484375,0.1171875,0.0
stress_1,2026-08-15T21:46:11.819388+00:00,0.0,4.46484375,0.1171875,0.0
stress_1,2026-08-15T21:46:12.320338+00:00,0.0,4.46484375,0.1171875,0.0
stress_1,2026-08-15T21:46:12.820951+00:00,0.0,4.46484375,0.1171875,0.0
stress_1,2026-08-15T21:46:13.321527+00:00,0.0,4.46484375,0.1171875,0.0
stress_1,2026-08-15T21:46:13.822158+00:00,0.0,4.46484375,0.1171875,0.0
stress_1,2026-08-15T21:46:14.322696+00:00,0.0,4.46484375,0.1171875,0.0
stress_1,2026-08-15T21:46:14.823799+00:00,0.0,4.46484375,0.1171875,0.0
stress_1,2026-08-15T21:46:15.324871+00:00,0.0,4.46484375,0.1171875,0.0
stress_1,2026-08-15T21:46:15.825557+00:00,0.0,4.46484375,0.1171875,0.0
stress_1,2026-08-15T21:46:16.326125+00:00,0.0,4.46484375,0.1171875,0.0
stress_1,2026-08-15T21:46:16.826843+00:00,0.0,4.46484375,0.1171875,0.0
stress_1,2026-08-15T21:46:17.327483+00:00,0.0,4.46484375,0.1171875,0.0
stress_1,2026-08-15T21:46:17.828032+00:00,0.0,4.46484375,0.1171875,0.0
stress_1,2026-08-15T21:46:18.328532+00:00,0.0,4.46484375,0.1171875,0.0
stress_1,2026-08-15T21:46:18.829508+00:00,0.0,4.46484375,0.1171875,0.0
stress_1,2026-08-15T21:46:19.330689+00:00,0.0,4.46484375,0.1171875,0.0
stress_1,2026-08-15T21:46:19.831586+00:00,0.0,4.46484375,0.1171875,0.0
stress_1,2026-08-15T21:46:20.332128+00:00,0.0,4.46484375,0.1171875,0.0
stress_1,2026-08-15T21:46:20.832666+00:00,0.0,4.46484375,0.1171875,0.0
stress_1,2026-08-15T21:46:21.333717+00:00,0.0,4.46484375,0.1171875,0.0
stress_1,2026-08-15T21:46:21.834834+00:00,0.0,4.46484375,0.1171875,0.0
stress_1,2026-08-15T21:46:22.335934+00:00,0.0,4.46484375,0.1171875,0.0
stress_1,2026-08-15T21:46:22.837133+00:00,0.0,4.46484375,0.1171875,0.0
stress_1,2026-08-15T21:46:23.338284+00:00,0.0,4.46484375,0.1171875,0.0
stress_1,2026-08-15T21:46:23.839491+00:00,0.0,4.46484375,0.1171875,0.0
stress_1,2026-08-15T21:46:24.340592+00:00,0.0,4.46484375,0.1171875,0.0
stress_1,2026-08-15T21:46:24.841703+00:00,0.0,4.46484375,0.1171875,0.0
stress_1,2026-08-15T21:46:25.342842+00:00,0.0,4.46484375,0.1171875,0.0
stress_1,2026-08-15T21:46:25.843913+00:00,0.0,4.46484375,0.1171875,0.0
stress_1,2026-08-15T21:46:26.345074+00:00,0.0,4.46484375,0.1171875,0.0
stress_1,2026-08-15T21:46:26.846236+00:00,0.0,4.46484375,0.1171875,0.0
stress_1,2026-08-15T21:46:27.347371+00:00,0.0,4.46484375,0.1171875,0.0
stress_1,2026-08-15T21:46:27.848440+00:00,0.0,4.46484375,0.1171875,0.0
stress_1,2026-08-15T21:46:28.349513+00:00,0.0,4.46484375,0.1171875,0.0
stress_1,2026-08-15T21:46:28.850339+00:00,0.0,4.46484375,0.1171875,0.0
stress_1,2026-08-15T21:46:29.351273+00:00,0.0,4.46484375,0.1171875,0.0
stress_1,2026-08-15T21:46:29.852482+00:00,0.0,4.46484375,0.1171875,0.0
stress_1,2026-08-15T21:46:30.353572+00:00,0.0,4.46484375,0.1171875,0.0
stress_1,2026-08-15T21:46:30.854690+00:00,0.0,4.46484375,0.1171875,0.0
stress_1,2026-08-15T21:46:31.355608+00:00,0.0,4.46484375,0.1171875,0.0
stress_1,2026-08-15T21:46:31.856718+00:00,0.0,4.46484375,0.1171875,0.0
stress_1,2026-08-15T21:46:32.357271+00:00,0.0,4.46484375,0.1171875,0.0
stress_1,2026-08-15T21:46:32.858415+00:00,0.0,4.46484375,0.1171875,0.0
stress_1,2026-08-15T21:46:33.359713+00:00,0.0,4.46484375,0.1171875,0.0
stress_1,2026-08-15T21:46:33.860804+00:00,0.0,4.46484375,0.1171875,0.0
stress_1,2026-08-15T21:46:34.361925+00:00,0.0,4.46484375,0.1171875,0.0
stress_1,2026-08-15T21:46:34.862865+00:00,0.0,4.46484375,0.1171875,0.0
stress_1,2026-08-15T21:46:35.363755+00:00,0.0,4.46484375,0.1171875,0.0
stress_1,2026-08-15T21:46:35.864861+00:00,0.0,4.46484375,0.1171875,0.0
stress_1,2026-08-15T21:46:36.365415+00:00,0.0,4.46484375,0.1171875,0.0
stress_1,2026-08-15T21:46:36.866295+00:00,0.0,4.46484375,0.1171875,0.0
stress_1,2026-08-15T21:46:37.366954+00:00,0.0,4.46484375,0.1171875,0.0
stress_1,2026-08-15T21:46:37.867571+00:00,0.0,4.46484375,0.1171875,0.0
stress_1,2026-08-15T21:46:38.368060+00:00,0.0,4.46484375,0.1171875,0.0
stress_1,2026-08-15T21:46:38.868549+00:00,0.0,4.46484375,0.1171875,0.0
stress_1,2026-08-15T21:46:39.369042+00:00,0.0,4.46484375,0.1171875,0.0
stress_1,2026-08-15T21:46:39.870002+00:00,0.0,4.46484375,0.1171875,0.0
stress_1,2026-08-15T21:46:40.370809+00:00,0.0,4.46484375,0.1171875,0.0
stress_1,2026-08-15T21:46:40.871873+00:00,0.0,4.46484375,0.1171875,0.0
stress_1,2026-08-15T21:46:41.373050+00:00,0.0,4.46484375,0.1171875,0.0
stress_1,2026-08-15T21:46:41.874029+00:00,0.0,4.46484375,0.1171875,0.0
stress_1,2026-08-15T21:46:42.374933+00:00,0.0,4.46484375,0.1171875,0.0
stress_1,2026-08-15T21:46:42.875943+00:00,0.0,4.46484375,0.1171875,0.0
stress_1,2026-08-15T21:46:43.377003+00:00,0.0,4.46484375,0.1171875,0.0
stress_1,2026-08-15T21:46:43.878172+00:00,0.0,4.46484375,0.1171875,0.0
stress_1,2026-08-15T21:46:44.379285+00:00,0.0,4.46484375,0.1171875,0.0
stress_1,2026-08-15T21:46:44.880446+00:00,0.0,4.46484375,0.1171875,0.0
stress_1,2026-08-15T21:46:45.381598+00:00,0.0,4.46484375,0.1171875,0.0
stress_1,2026-08-15T21:46:45.882613+00:00,0.0,4.46484375,0.1171875,0.0
stress_1,2026-08-15T21:46:46.383119+00:00,0.0,4.46484375,0.1171875,0.0
stress_1,2026-08-15T21:46:46.883582+00:00,0.0,4.46484375,0.1171875,0.0
stress_1,2026-08-15T21:46:47.384065+00:00,0.0,4.46484375,0.1171875,0.0
stress_1,2026-08-15T21:46:47.885201+00:00,0.0,4.46484375,0.1171875,0.0
stress_1,2026-08-15T21:46:48.385863+00:00,0.0,4.46484375,0.1171875,0.0
stress_1,2026-08-15T21:46:48.886913+00:00,0.0,4.46484375,0.1171875,0.0
stress_1,2026-08-15T21:46:49.388197+00:00,0.0,4.46484375,0.1171875,0.0
stress_1,2026-08-15T21:46:49.889363+00:00,0.0,4.46484375,0.1171875,0.0
stress_1,2026-08-15T21:46:50.390325+00:00,0.0,4.46484375,0.1171875,0.0
stress_1,2026-08-15T21:46:50.891536+00:00,0.0,4.46484375,0.1171875,0.0
stress_1,2026-08-15T21:46:51.392685+00:00,0.0,4.46484375,0.1171875,0.0
stress_1,2026-08-15T21:46:51.893682+00:00,0.0,4.46484375,0.1171875,0.0
stress_1,2026-08-15T21:46:52.394798+00:00,0.0,4.46484375,0.1171875,0.0
stress_1,2026-08-15T21:46:52.895529+00:00,0.0,4.46484375,0.1171875,0.0
stress_1,2026-08-15T21:46:53.396476+00:00,0.0,4.46484375,0.1171875,0.0
stress_1,2026-08-15T21:46:53.897154+00:00,0.0,4.46484375,0.1171875,0.0
stress_1,2026-08-15T21:46:54.398291+00:00,0.0,4.46484375,0.1171875,0.0
stress_1,2026-08-15T21:46:54.899414+00:00,0.0,4.46484375,0.1171875,0.0
stress_1,2026-08-15T21:46:55.400555+00:00,0.0,4.46484375,0.1171875,0.0
stress_1,2026-08-15T21:46:55.902148+00:00,0.0,4.46484375,0.1171875,0.0
stress_1,2026-08-15T21:46:56.403163+00:00,0.0,4.46484375,0.1171875,0.0
stress_1,2026-08-15T21:46:56.904348+00:00,0.0,4.46484375,0.1171875,0.0
stress_1,2026-08-15T21:46:57.405528+00:00,0.0,4.46484375,0.1171875,0.0
stress_1,2026-08-15T21:46:57.906680+00:00,0.0,4.46484375,0.1171875,0.0
stress_1,2026-08-15T21:46:58.407824+00:00,0.0,4.46484375,0.1171875,0.0
stress_1,2026-08-15T21:46:58.908926+00:00,0.0,4.46484375,0.1171875,0.0
stress_1,2026-08-15T21:46:59.410126+00:00,0.0,4.46484375,0.1171875,0.0
stress_1,2026-08-15T21:46:59.911240+00:00,0.0,4.46484375,0.1171875,0.0
stress_1,2026-08-15T21:47:00.412401+00:00,0.0,4.46484375,0.1171875,0.0
stress_1,2026-08-15T21:47:00.913554+00:00,0.0,4.46484375,0.1171875,0.0
stress_1,2026-08-15T21:47:01.414805+00:00,0.0,4.46484375,0.1171875,0.0
stress_1,2026-08-15T21:47:01.915944+00:00,0.0,4.46484375,0.1171875,0.0
stress_1,2026-08-15T21:47:02.417181+00:00,0.0,4.46484375,0.1171875,0.0
stress_1,2026-08-15T21:47:02.917850+00:00,0.0,4.46484375,0.1171875,0.0
stress_1,2026-08-15T21:47:03.418464+00:00,0.0,4.46484375,0.1171875,0.0
stress_1,2026-08-15T21:47:03.919622+00:00,0.0,4.46484375,0.1171875,0.0
stress_1,2026-08-15T21:47:04.420392+00:00,0.0,4.46484375,0.1171875,0.0
stress_1,2026-08-15T21:47:04.921541+00:00,0.0,4.46484375,0.1171875,0.0
stress_1,2026-08-15T21:47:05.422693+00:00,0.0,4.46484375,0.1171875,0.0
stress_1,2026-08-15T21:47:05.923620+00:00,0.0,4.46484375,0.1171875,0.0
stress_1,2026-08-15T21:47:06.424653+00:00,0.0,4.46484375,0.1171875,0.0
stress_1,2026-08-15T21:47:06.925404+00:00,0.0,4.46484375,0.1171875,0.0
stress_1,2026-08-15T21:47:07.426544+00:00,0.0,4.46484375,0.1171875,0.0
stress_1,2026-08-15T21:47:07.927076+00:00,0.0,4.46484375,0.1171875,0.0
stress_1,2026-08-15T21:47:08.428339+00:00,0.0,4.46484375,0.1171875,0.0
stress_1,2026-08-15T21:47:08.929000+00:00,0.0,4.46484375,0.1171875,0.0
stress_1,2026-08-15T21:47:09.430081+00:00,0.0,4.46484375,0.1171875,0.0
stress_1,2026-08-15T21:47:09.931186+00:00,0.0,4.46484375,0.1171875,0.0
stress_1,2026-08-15T21:47:10.432364+00:00,0.0,4.46484375,0.1171875,0.0
stress_1,2026-08-15T21:47:10.933462+00:00,0.0,4.46484375,0.1171875,0.0
stress_1,2026-08-15T21:47:11.434630+00:00,0.0,4.46484375,0.1171875,0.0
stress_1,2026-08-15T21:47:11.935756+00:00,0.0,4.46484375,0.1171875,0.0
stress_1,2026-08-15T21:47:12.436925+00:00,0.0,4.46484375,0.1171875,0.0
stress_1,2026-08-15T21:47:12.938031+00:00,0.0,4.46484375,0.1171875,0.0
stress_1,2026-08-15T21:47:13.439092+00:00,2.0,4.46484375,0.1171875,0.0
stress_1,2026-08-15T21:47:13.940218+00:00,0.0,4.46484375,0.1171875,0.0
stress_1,2026-08-15T21:47:14.441107+00:00,0.0,4.46484375,0.1171875,0.0
stress_1,2026-08-15T21:47:14.942239+00:00,0.0,4.46484375,0.1171875,0.0
stress_1,2026-08-15T21:47:15.443396+00:00,0.0,4.46484375,0.1171875,0.0
stress_1,2026-08-15T21:47:15.944356+00:00,0.0,4.46484375,0.1171875,0.0
stress_1,2026-08-15T21:47:16.445352+00:00,0.0,4.46484375,0.1171875,0.0
stress_1,2026-08-15T21:47:16.946050+00:00,0.0,4.46484375,0.1171875,0.0
stress_1,2026-08-15T21:47:17.447172+00:00,0.0,4.46484375,0.1171875,0.0
stress_1,2026-08-15T21:47:17.947751+00:00,0.0,4.46484375,0.1171875,0.0
stress_1,2026-08-15T21:47:18.448841+00:00,0.0,4.46484375,0.1171875,0.0
stress_1,2026-08-15T21:47:18.949791+00:00,0.0,4.46484375,0.1171875,0.0
stress_1,2026-08-15T21:47:19.450893+00:00,0.0,4.46484375,0.1171875,0.0
stress_1,2026-08-15T21:47:19.952123+00:00,0.0,4.46484375,0.1171875,0.0
stress_1,2026-08-15T21:47:20.453288+00:00,0.0,4.46484375,0.1171875,0.0
stress_1,2026-08-15T21:47:20.954475+00:00,0.0,4.46484375,0.1171875,0.0
stress_1,2026-08-15T21:47:21.455685+00:00,0.0,4.46484375,0.1171875,0.0
stress_1,2026-08-15T21:47:21.956819+00:00,0.0,4.46484375,0.1171875,0.0
stress_1,2026-08-15T21:47:22.457898+00:00,0.0,4.46484375,0.1171875,0.0
stress_1,2026-08-15T21:47:22.958634+00:00,0.0,4.46484375,0.1171875,0.0
stress_1,2026-08-15T21:47:23.459196+00:00,0.0,4.46484375,0.1171875,0.0
stress_1,2026-08-15T21:47:23.960333+00:00,0.0,4.46484375,0.1171875,0.0
stress_1,2026-08-15T21:47:24.461553+00:00,0.0,4.46484375,0.1171875,0.0
stress_1,2026-08-15T21:47:24.962643+00:00,0.0,4.46484375,0.1171875,0.0
stress_1,2026-08-15T21:47:25.463612+00:00,0.0,4.46484375,0.1171875,0.0
stress_1,2026-08-15T21:47:25.964359+00:00,0.0,4.46484375,0.1171875,0.0
stress_1,2026-08-15T21:47:26.465478+00:00,0.0,4.46484375,0.1171875,0.0
stress_1,2026-08-15T21:47:26.966388+00:00,0.0,4.46484375,0.1171875,0.0
stress_1,2026-08-15T21:47:27.467372+00:00,0.0,4.46484375,0.1171875,0.0
stress_1,2026-08-15T21:47:27.968533+00:00,0.0,4.46484375,0.1171875,0.0
stress_1,2026-08-15T21:47:28.469344+00:00,0.0,4.46484375,0.1171875,0.0
stress_1,2026-08-15T21:47:28.970574+00:00,0.0,4.46484375,0.1171875,0.0
stress_1,2026-08-15T21:47:29.471752+00:00,0.0,4.46484375,0.1171875,0.0
stress_1,2026-08-15T21:47:29.972370+00:00,0.0,4.46484375,0.1171875,0.0
stress_1,2026-08-15T21:47:30.473364+00:00,0.0,4.46484375,0.1171875,0.0
stress_1,2026-08-15T21:47:30.974404+00:00,0.0,4.46484375,0.1171875,0.0
stress_1,2026-08-15T21:47:31.475543+00:00,0.0,4.46484375,0.1171875,0.0
stress_1,2026-08-15T21:47:31.976656+00:00,0.0,4.46484375,0.1171875,0.0
stress_1,2026-08-15T21:47:32.477297+00:00,0.0,4.46484375,0.1171875,0.0
stress_1,2026-08-15T21:47:32.977890+00:00,0.0,4.46484375,0.1171875,0.0
stress_1,2026-08-15T21:47:33.478928+00:00,0.0,4.46484375,0.1171875,0.0
stress_1,2026-08-15T21:47:33.979600+00:00,0.0,4.46484375,0.1171875,0.0
stress_1,2026-08-15T21:47:34.480250+00:00,0.0,4.46484375,0.1171875,0.0
stress_1,2026-08-15T21:47:34.980926+00:00,0.0,4.46484375,0.1171875,0.0
stress_1,2026-08-15T21:47:35.481620+00:00,0.0,4.46484375,0.1171875,0.0
stress_1,2026-08-15T21:47:35.982592+00:00,0.0,4.46484375,0.1171875,0.0
stress_1,2026-08-15T21:47:36.483544+00:00,0.0,4.46484375,0.1171875,0.0
stress_1,2026-08-15T21:47:36.984734+00:00,0.0,4.46484375,0.1171875,0.0
stress_1,2026-08-15T21:47:37.485560+00:00,0.0,4.46484375,0.1171875,0.0
stress_1,2026-08-15T21:47:37.986768+00:00,0.0,4.46484375,0.1171875,0.0
stress_1,2026-08-15T21:47:38.487861+00:00,0.0,4.46484375,0.1171875,0.0
stress_1,2026-08-15T21:47:38.988929+00:00,0.0,4.46484375,0.1171875,0.0
stress_1,2026-08-15T21:47:39.490178+00:00,0.0,4.46484375,0.1171875,0.0
stress_1,2026-08-15T21:47:39.991187+00:00,0.0,4.46484375,0.1171875,0.0
stress_1,2026-08-15T21:47:40.492321+00:00,0.0,4.46484375,0.1171875,0.0
stress_1,2026-08-15T21:47:40.993467+00:00,0.0,4.46484375,0.1171875,0.0
stress_1,2026-08-15T21:47:41.494573+00:00,0.0,4.46484375,0.1171875,0.0
stress_1,2026-08-15T21:47:41.995722+00:00,0.0,4.46484375,0.1171875,0.0
stress_1,2026-08-15T21:47:42.496844+00:00,0.0,4.46484375,0.1171875,0.0
stress_1,2026-08-15T21:47:42.997913+00:00,0.0,4.46484375,0.1171875,0.0
stress_1,2026-08-15T21:47:43.499149+00:00,0.0,4.46484375,0.1171875,0.0
stress_1,2026-08-15T21:47:44.000335+00:00,0.0,4.46484375,0.1171875,0.0
stress_1,2026-08-15T21:47:44.501561+00:00,0.0,4.46484375,0.1171875,0.0
stress_1,2026-08-15T21:47:45.002556+00:00,0.0,4.46484375,0.1171875,0.0
stress_1,2026-08-15T21:47:45.503430+00:00,0.0,4.46484375,0.1171875,0.0
stress_1,2026-08-15T21:47:46.004588+00:00,0.0,4.46484375,0.1171875,0.0
stress_1,2026-08-15T21:47:46.505720+00:00,0.0,4.46484375,0.1171875,0.0
stress_1,2026-08-15T21:47:47.006928+00:00,0.0,4.46484375,0.1171875,0.0
stress_1,2026-08-15T21:47:47.508133+00:00,0.0,4.46484375,0.1171875,0.0
stress_1,2026-08-15T21:47:48.009313+00:00,0.0,4.46484375,0.1171875,0.0
stress_1,2026-08-15T21:47:48.510430+00:00,0.0,4.46484375,0.1171875,0.0
stress_1,2026-08-15T21:47:49.011592+00:00,0.0,4.46484375,0.1171875,0.0
stress_1,2026-08-15T21:47:49.512741+00:00,2.0,4.46484375,0.1171875,0.0
stress_1,2026-08-15T21:47:50.013866+00:00,0.0,4.46484375,0.1171875,0.0
stress_1,2026-08-15T21:47:50.514951+00:00,0.0,4.46484375,0.1171875,0.0
stress_1,2026-08-15T21:47:51.016226+00:00,0.0,4.46484375,0.1171875,0.0
stress_1,2026-08-15T21:47:51.517269+00:00,0.0,4.46484375,0.1171875,0.0
stress_1,2026-08-15T21:47:52.018383+00:00,0.0,4.46484375,0.1171875,0.0
stress_1,2026-08-15T21:47:52.519567+00:00,0.0,4.46484375,0.1171875,0.0
stress_1,2026-08-15T21:47:53.020688+00:00,0.0,4.46484375,0.1171875,0.0
stress_1,2026-08-15T21:47:53.521838+00:00,0.0,4.46484375,0.1171875,0.0
stress_1,2026-08-15T21:47:54.022932+00:00,0.0,4.46484375,0.1171875,0.0
stress_1,2026-08-15T21:47:54.524106+00:00,0.0,4.46484375,0.1171875,0.0
stress_1,2026-08-15T21:47:55.025271+00:00,0.0,4.46484375,0.1171875,0.0
stress_1,2026-08-15T21:47:55.526383+00:00,0.0,4.46484375,0.1171875,0.0
stress_1,2026-08-15T21:47:56.027544+00:00,0.0,4.46484375,0.1171875,0.0
stress_1,2026-08-15T21:47:56.528697+00:00,0.0,4.46484375,0.1171875,0.0
stress_1,2026-08-15T21:47:57.029827+00:00,0.0,4.46484375,0.1171875,0.0
stress_1,2026-08-15T21:47:57.530933+00:00,0.0,4.46484375,0.1171875,0.0
stress_1,2026-08-15T21:47:58.032184+00:00,0.0,4.46484375,0.1171875,0.0
stress_1,2026-08-15T21:47:58.533355+00:00,0.0,4.46484375,0.1171875,0.0
stress_1,2026-08-15T21:47:59.034378+00:00,0.0,4.46484375,0.1171875,0.0
stress_1,2026-08-15T21:47:59.535499+00:00,0.0,4.46484375,0.1171875,0.0
stress_1,2026-08-15T21:48:00.036433+00:00,0.0,4.46484375,0.1171875,0.0
stress_1,2026-08-15T21:48:00.537561+00:00,0.0,4.46484375,0.1171875,0.0
stress_1,2026-08-15T21:48:01.038812+00:00,0.0,4.46484375,0.1171875,0.0
stress_1,2026-08-15T21:48:01.539898+00:00,0.0,4.46484375,0.1171875,0.0
stress_1,2026-08-15T21:48:02.041048+00:00,0.0,4.46484375,0.1171875,0.0
stress_1,2026-08-15T21:48:02.542196+00:00,0.0,4.46484375,0.1171875,0.0
stress_1,2026-08-15T21:48:03.043361+00:00,0.0,4.46484375,0.1171875,0.0
stress_1,2026-08-15T21:48:03.544497+00:00,0.0,4.46484375,0.1171875,0.0
stress_1,2026-08-15T21:48:04.045752+00:00,0.0,4.46484375,0.1171875,0.0
stress_1,2026-08-15T21:48:04.546860+00:00,0.0,4.46484375,0.1171875,0.0
stress_1,2026-08-15T21:48:05.047910+00:00,0.0,4.46484375,0.1171875,0.0
stress_1,2026-08-15T21:48:05.549087+00:00,0.0,4.46484375,0.1171875,0.0
stress_1,2026-08-15T21:48:06.050331+00:00,0.0,4.46484375,0.1171875,0.0
stress_1,2026-08-15T21:48:06.551481+00:00,0.0,4.46484375,0.1171875,0.0
stress_1,2026-08-15T21:48:07.052584+00:00,0.0,4.46484375,0.1171875,0.0
stress_1,2026-08-15T21:48:07.553696+00:00,0.0,4.46484375,0.1171875,0.0
stress_1,2026-08-15T21:48:08.054321+00:00,0.0,4.46484375,0.1171875,0.0
stress_1,2026-08-15T21:48:08.555180+00:00,0.0,4.46484375,0.1171875,0.0
stress_1,2026-08-15T21:48:09.055722+00:00,0.0,4.46484375,0.1171875,0.0
stress_1,2026-08-15T21:48:09.556630+00:00,0.0,4.46484375,0.1171875,0.0
stress_1,2026-08-15T21:48:10.057536+00:00,0.0,4.46484375,0.1171875,0.0
stress_1,2026-08-15T21:48:10.558657+00:00,0.0,4.46484375,0.1171875,0.0
stress_1,2026-08-15T21:48:11.059249+00:00,0.0,4.46484375,0.1171875,0.0
stress_1,2026-08-15T21:48:11.560379+00:00,0.0,4.46484375,0.1171875,0.0
stress_1,2026-08-15T21:48:12.061515+00:00,0.0,4.46484375,0.1171875,0.0
stress_1,2026-08-15T21:48:12.562685+00:00,0.0,4.46484375,0.1171875,0.0
stress_1,2026-08-15T21:48:13.063797+00:00,0.0,4.46484375,0.1171875,0.0
stress_1,2026-08-15T21:48:13.564871+00:00,0.0,4.46484375,0.1171875,0.0
stress_1,2026-08-15T21:48:14.065375+00:00,0.0,4.46484375,0.1171875,0.0
stress_1,2026-08-15T21:48:14.566063+00:00,0.0,4.46484375,0.1171875,0.0
stress_1,2026-08-15T21:48:15.066615+00:00,0.0,4.46484375,0.1171875,0.0
stress_1,2026-08-15T21:48:15.567688+00:00,0.0,4.46484375,0.1171875,0.0
stress_1,2026-08-15T21:48:16.068791+00:00,0.0,4.46484375,0.1171875,0.0
stress_1,2026-08-15T21:48:16.569368+00:00,0.0,4.46484375,0.1171875,0.0
stress_1,2026-08-15T21:48:17.070486+00:00,0.0,4.46484375,0.1171875,0.0
stress_1,2026-08-15T21:48:17.571665+00:00,0.0,4.46484375,0.1171875,0.0
stress_1,2026-08-15T21:48:18.072740+00:00,0.0,4.46484375,0.1171875,0.0
stress_1,2026-08-15T21:48:18.573612+00:00,0.0,4.46484375,0.1171875,0.0
stress_1,2026-08-15T21:48:19.074649+00:00,0.0,4.46484375,0.1171875,0.0
stress_1,2026-08-15T21:48:19.575254+00:00,0.0,4.46484375,0.1171875,0.0
stress_1,2026-08-15T21:48:20.075732+00:00,0.0,4.46484375,0.1171875,0.0
stress_1,2026-08-15T21:48:20.576320+00:00,0.0,4.46484375,0.1171875,0.0
stress_1,2026-08-15T21:48:21.076798+00:00,0.0,4.46484375,0.1171875,0.0
stress_1,2026-08-15T21:48:21.577605+00:00,0.0,4.46484375,0.1171875,0.0
stress_1,2026-08-15T21:48:22.078583+00:00,0.0,4.46484375,0.1171875,0.0
stress_1,2026-08-15T21:48:22.579285+00:00,0.0,4.46484375,0.1171875,0.0
stress_1,2026-08-15T21:48:23.079917+00:00,0.0,4.46484375,0.1171875,0.0
stress_1,2026-08-15T21:48:23.580916+00:00,0.0,4.46484375,0.1171875,0.0
stress_1,2026-08-15T21:48:24.082112+00:00,0.0,4.46484375,0.1171875,0.0
stress_1,2026-08-15T21:48:24.583311+00:00,0.0,4.46484375,0.1171875,0.0
stress_1,2026-08-15T21:48:25.084407+00:00,0.0,4.46484375,0.1171875,0.0
stress_1,2026-08-15T21:48:25.585552+00:00,0.0,4.46484375,0.1171875,0.0
stress_1,2026-08-15T21:48:26.086658+00:00,0.0,4.46484375,0.1171875,0.0
stress_1,2026-08-15T21:48:26.587405+00:00,0.0,4.46484375,0.1171875,0.0
stress_1,2026-08-15T21:48:27.088508+00:00,0.0,4.46484375,0.1171875,0.0
stress_1,2026-08-15T21:48:27.589635+00:00,0.0,4.46484375,0.1171875,0.0
stress_1,2026-08-15T21:48:28.090795+00:00,0.0,4.46484375,0.1171875,0.0
stress_1,2026-08-15T21:48:28.591773+00:00,0.0,4.46484375,0.1171875,0.0
stress_1,2026-08-15T21:48:29.092841+00:00,0.0,4.46484375,0.1171875,0.0
stress_1,2026-08-15T21:48:29.594006+00:00,0.0,4.46484375,0.1171875,0.0
stress_1,2026-08-15T21:48:30.095268+00:00,0.0,4.46484375,0.1171875,0.0
stress_1,2026-08-15T21:48:30.596366+00:00,0.0,4.46484375,0.1171875,0.0
stress_1,2026-08-15T21:48:31.097208+00:00,0.0,4.46484375,0.1171875,0.0
stress_1,2026-08-15T21:48:31.598292+00:00,0.0,4.46484375,0.1171875,0.0
stress_1,2026-08-15T21:48:32.099449+00:00,0.0,4.46484375,0.1171875,0.0
stress_1,2026-08-15T21:48:32.600610+00:00,0.0,4.46484375,0.1171875,0.0
stress_1,2026-08-15T21:48:33.101421+00:00,0.0,4.46484375,0.1171875,0.0
stress_1,2026-08-15T21:48:33.602523+00:00,0.0,4.46484375,0.1171875,0.0
stress_1,2026-08-15T21:48:34.103675+00:00,0.0,4.46484375,0.1171875,0.0
stress_1,2026-08-15T21:48:34.604641+00:00,0.0,4.46484375,0.1171875,0.0
stress_1,2026-08-15T21:48:35.105345+00:00,0.0,4.46484375,0.1171875,0.0
stress_1,2026-08-15T21:48:35.606429+00:00,0.0,4.46484375,0.1171875,0.0
stress_1,2026-08-15T21:48:36.107564+00:00,0.0,4.46484375,0.1171875,0.0
stress_1,2026-08-15T21:48:36.608654+00:00,0.0,4.46484375,0.1171875,0.0
stress_1,2026-08-15T21:48:37.109629+00:00,0.0,4.46484375,0.1171875,0.0
stress_1,2026-08-15T21:48:37.610817+00:00,0.0,4.46484375,0.1171875,0.0
stress_1,2026-08-15T21:48:38.111895+00:00,0.0,4.46484375,0.1171875,0.0
stress_1,2026-08-15T21:48:38.613242+00:00,0.0,4.46484375,0.1171875,0.0
stress_1,2026-08-15T21:48:39.114388+00:00,0.0,4.46484375,0.1171875,0.0
stress_1,2026-08-15T21:48:39.615550+00:00,0.0,4.46484375,0.1171875,0.0
stress_1,2026-08-15T21:48:40.116681+00:00,0.0,4.46484375,0.1171875,0.0
stress_1,2026-08-15T21:48:40.617334+00:00,0.0,4.46484375,0.1171875,0.0
stress_1,2026-08-15T21:48:41.118509+00:00,0.0,4.46484375,0.1171875,0.0
stress_1,2026-08-15T21:48:41.619485+00:00,0.0,4.46484375,0.1171875,0.0
stress_1,2026-08-15T21:48:42.120722+00:00,0.0,4.46484375,0.1171875,0.0
stress_1,2026-08-15T21:48:42.621830+00:00,0.0,4.46484375,0.1171875,0.0
stress_1,2026-08-15T21:48:43.122858+00:00,0.0,4.46484375,0.1171875,0.0
stress_1,2026-08-15T21:48:43.623537+00:00,0.0,4.46484375,0.1171875,0.0
stress_1,2026-08-15T21:48:44.124405+00:00,0.0,4.46484375,0.1171875,0.0
stress_1,2026-08-15T21:48:44.625540+00:00,0.0,4.46484375,0.1171875,0.0
stress_1,2026-08-15T21:48:45.126670+00:00,0.0,4.46484375,0.1171875,0.0
stress_1,2026-08-15T21:48:45.627709+00:00,0.0,4.46484375,0.1171875,0.0
stress_1,2026-08-15T21:48:46.128305+00:00,0.0,4.46484375,0.1171875,0.0
stress_1,2026-08-15T21:48:46.629411+00:00,0.0,4.46484375,0.1171875,0.0
stress_1,2026-08-15T21:48:47.130540+00:00,0.0,4.46484375,0.1171875,0.0
stress_1,2026-08-15T21:48:47.631560+00:00,0.0,4.46484375,0.1171875,0.0
stress_1,2026-08-15T21:48:48.132655+00:00,0.0,4.46484375,0.1171875,0.0
stress_1,2026-08-15T21:48:48.633841+00:00,0.0,4.46484375,0.1171875,0.0
stress_1,2026-08-15T21:48:49.134911+00:00,0.0,4.46484375,0.1171875,0.0
stress_1,2026-08-15T21:48:49.636125+00:00,0.0,4.46484375,0.1171875,0.0
stress_1,2026-08-15T21:48:50.137278+00:00,0.0,4.46484375,0.1171875,0.0
stress_1,2026-08-15T21:48:50.638461+00:00,0.0,4.46484375,0.1171875,0.0
stress_1,2026-08-15T21:48:51.139592+00:00,0.0,4.46484375,0.1171875,0.0
stress_1,2026-08-15T21:48:51.640720+00:00,0.0,4.46484375,0.1171875,0.0
stress_1,2026-08-15T21:48:52.141689+00:00,0.0,4.46484375,0.1171875,0.0
stress_1,2026-08-15T21:48:52.642786+00:00,0.0,4.46484375,0.1171875,0.0
stress_1,2026-08-15T21:48:53.143861+00:00,0.0,4.46484375,0.1171875,0.0
stress_1,2026-08-15T21:48:53.644908+00:00,0.0,4.46484375,0.1171875,0.0
stress_1,2026-08-15T21:48:54.146180+00:00,0.0,4.46484375,0.1171875,0.0
stress_1,2026-08-15T21:48:54.647319+00:00,0.0,4.46484375,0.1171875,0.0
stress_1,2026-08-15T21:48:55.148438+00:00,0.0,4.46484375,0.1171875,0.0
stress_1,2026-08-15T21:48:55.649568+00:00,0.0,4.46484375,0.1171875,0.0
stress_1,2026-08-15T21:48:56.150688+00:00,0.0,4.46484375,0.1171875,0.0
stress_1,2026-08-15T21:48:56.651789+00:00,0.0,4.46484375,0.1171875,0.0
stress_1,2026-08-15T21:48:57.152860+00:00,0.0,4.46484375,0.1171875,0.0
stress_1,2026-08-15T21:48:57.653938+00:00,0.0,4.46484375,0.1171875,0.0
stress_1,2026-08-15T21:48:58.155103+00:00,0.0,4.46484375,0.1171875,0.0
stress_1,2026-08-15T21:48:58.656255+00:00,0.0,4.46484375,0.1171875,0.0
stress_1,2026-08-15T21:48:59.157446+00:00,0.0,4.46484375,0.1171875,0.0
stress_1,2026-08-15T21:48:59.658654+00:00,0.0,4.46484375,0.1171875,0.0
stress_1,2026-08-15T21:49:00.159732+00:00,0.0,4.46484375,0.1171875,0.0
stress_1,2026-08-15T21:49:00.660811+00:00,0.0,4.46484375,0.1171875,0.0
stress_1,2026-08-15T21:49:01.161880+00:00,0.0,4.46484375,0.1171875,0.0
stress_1,2026-08-15T21:49:01.662957+00:00,0.0,4.46484375,0.1171875,0.0
stress_1,2026-08-15T21:49:02.164135+00:00,0.0,4.46484375,0.1171875,0.0
stress_1,2026-08-15T21:49:02.665283+00:00,0.0,4.46484375,0.1171875,0.0
stress_1,2026-08-15T21:49:03.166421+00:00,0.0,4.46484375,0.1171875,0.0
stress_1,2026-08-15T21:49:03.667560+00:00,0.0,4.46484375,0.1171875,0.0
stress_1,2026-08-15T21:49:04.168347+00:00,0.0,4.46484375,0.1171875,0.0
stress_1,2026-08-15T21:49:04.669473+00:00,0.0,4.46484375,0.1171875,0.0
stress_1,2026-08-15T21:49:05.170055+00:00,0.0,4.46484375,0.1171875,0.0
stress_1,2026-08-15T21:49:05.671385+00:00,0.0,4.46484375,0.1171875,0.0
stress_1,2026-08-15T21:49:06.172478+00:00,0.0,4.46484375,0.1171875,0.0
stress_1,2026-08-15T21:49:06.673469+00:00,0.0,4.46484375,0.1171875,0.0
stress_1,2026-08-15T21:49:07.174440+00:00,0.0,4.46484375,0.1171875,0.0
stress_1,2026-08-15T21:49:07.675529+00:00,0.0,4.46484375,0.1171875,0.0
stress_1,2026-08-15T21:49:08.176502+00:00,0.0,4.46484375,0.1171875,0.0
stress_1,2026-08-15T21:49:08.677345+00:00,0.0,4.46484375,0.1171875,0.0
stress_1,2026-08-15T21:49:09.178469+00:00,0.0,4.46484375,0.1171875,0.0
stress_1,2026-08-15T21:49:09.679421+00:00,0.0,4.46484375,0.1171875,0.0
stress_1,2026-08-15T21:49:10.180525+00:00,0.0,4.46484375,0.1171875,0.0
stress_1,2026-08-15T21:49:10.681669+00:00,0.0,4.46484375,0.1171875,0.0
stress_1,2026-08-15T21:49:11.182784+00:00,0.0,4.46484375,0.1171875,0.0
stress_1,2026-08-15T21:49:11.683855+00:00,0.0,4.46484375,0.1171875,0.0
stress_1,2026-08-15T21:49:12.184930+00:00,0.0,4.46484375,0.1171875,0.0
stress_1,2026-08-15T21:49:12.685892+00:00,0.0,4.46484375,0.1171875,0.0
stress_1,2026-08-15T21:49:13.186789+00:00,0.0,4.46484375,0.1171875,0.0
stress_1,2026-08-15T21:49:13.687839+00:00,0.0,4.46484375,0.1171875,0.0
stress_1,2026-08-15T21:49:14.188953+00:00,0.0,4.46484375,0.1171875,0.0
stress_1,2026-08-15T21:49:14.689654+00:00,0.0,4.46484375,0.1171875,0.0
stress_1,2026-08-15T21:49:15.190683+00:00,0.0,4.46484375,0.1171875,0.0
stress_1,2026-08-15T21:49:15.691698+00:00,0.0,4.46484375,0.1171875,0.0
stress_1,2026-08-15T21:49:16.192324+00:00,0.0,4.46484375,0.1171875,0.0
stress_1,2026-08-15T21:49:16.693534+00:00,0.0,4.46484375,0.1171875,0.0
stress_1,2026-08-15T21:49:17.194661+00:00,0.0,4.46484375,0.1171875,0.0
stress_1,2026-08-15T21:49:17.695820+00:00,0.0,4.46484375,0.1171875,0.0
stress_1,2026-08-15T21:49:18.196892+00:00,0.0,4.46484375,0.1171875,0.0
stress_1,2026-08-15T21:49:18.698082+00:00,0.0,4.46484375,0.1171875,0.0
stress_1,2026-08-15T21:49:19.199045+00:00,0.0,4.46484375,0.1171875,0.0
stress_1,2026-08-15T21:49:19.700187+00:00,0.0,4.46484375,0.1171875,0.0
stress_1,2026-08-15T21:49:20.201384+00:00,0.0,4.46484375,0.1171875,0.0
stress_1,2026-08-15T21:49:20.702195+00:00,0.0,4.46484375,0.1171875,0.0
stress_1,2026-08-15T21:49:21.203255+00:00,0.0,4.46484375,0.1171875,0.0
stress_1,2026-08-15T21:49:21.704364+00:00,0.0,4.46484375,0.1171875,0.0
stress_1,2026-08-15T21:49:22.205485+00:00,0.0,4.46484375,0.1171875,0.0
stress_1,2026-08-15T21:49:22.706668+00:00,0.0,4.46484375,0.1171875,0.0
stress_1,2026-08-15T21:49:23.207853+00:00,0.0,4.46484375,0.1171875,0.0
stress_1,2026-08-15T21:49:23.708885+00:00,0.0,4.46484375,0.1171875,0.0
stress_1,2026-08-15T21:49:24.209936+00:00,0.0,4.46484375,0.1171875,0.0
stress_1,2026-08-15T21:49:24.711116+00:00,0.0,4.46484375,0.1171875,0.0
stress_1,2026-08-15T21:49:25.212226+00:00,0.0,4.46484375,0.1171875,0.0
stress_1,2026-08-15T21:49:25.713362+00:00,0.0,4.46484375,0.1171875,0.0
stress_1,2026-08-15T21:49:26.214493+00:00,0.0,4.46484375,0.1171875,0.0
stress_1,2026-08-15T21:49:26.715611+00:00,0.0,4.46484375,0.1171875,0.0
stress_1,2026-08-15T21:49:27.216719+00:00,0.0,4.46484375,0.1171875,0.0
stress_1,2026-08-15T21:49:27.717828+00:00,0.0,4.46484375,0.1171875,0.0
stress_1,2026-08-15T21:49:28.218921+00:00,0.0,4.46484375,0.1171875,0.0
stress_1,2026-08-15T21:49:28.719563+00:00,0.0,4.46484375,0.1171875,0.0
stress_1,2026-08-15T21:49:29.220665+00:00,2.0,4.46484375,0.1171875,0.0
stress_1,2026-08-15T21:49:29.721756+00:00,0.0,4.46484375,0.1171875,0.0
stress_1,2026-08-15T21:49:30.222677+00:00,0.0,4.46484375,0.1171875,0.0
stress_1,2026-08-15T21:49:30.723639+00:00,0.0,4.46484375,0.1171875,0.0
stress_1,2026-08-15T21:49:31.224592+00:00,0.0,4.46484375,0.1171875,0.0
stress_1,2026-08-15T21:49:31.725736+00:00,0.0,4.46484375,0.1171875,0.0
stress_1,2026-08-15T21:49:32.226943+00:00,0.0,4.46484375,0.1171875,0.0
stress_1,2026-08-15T21:49:32.727915+00:00,0.0,4.46484375,0.1171875,0.0
stress_1,2026-08-15T21:49:33.229109+00:00,0.0,4.46484375,0.1171875,0.0
stress_1,2026-08-15T21:49:33.729824+00:00,0.0,4.46484375,0.1171875,0.0
stress_1,2026-08-15T21:49:34.230854+00:00,0.0,4.46484375,0.1171875,0.0
stress_1,2026-08-15T21:49:34.731498+00:00,0.0,4.46484375,0.1171875,0.0
stress_1,2026-08-15T21:49:35.232506+00:00,0.0,4.46484375,0.1171875,0.0
stress_1,2026-08-15T21:49:35.733724+00:00,0.0,4.46484375,0.1171875,0.0
stress_1,2026-08-15T21:49:36.234652+00:00,0.0,4.46484375,0.1171875,0.0
stress_1,2026-08-15T21:49:36.735719+00:00,0.0,4.46484375,0.1171875,0.0
stress_1,2026-08-15T21:49:37.236867+00:00,0.0,4.46484375,0.1171875,0.0
stress_1,2026-08-15T21:49:37.737948+00:00,0.0,4.46484375,0.1171875,0.0
stress_1,2026-08-15T21:49:38.238945+00:00,0.0,4.46484375,0.1171875,0.0
stress_1,2026-08-15T21:49:38.739861+00:00,0.0,4.46484375,0.1171875,0.0
stress_1,2026-08-15T21:49:39.240798+00:00,0.0,4.46484375,0.1171875,0.0
stress_1,2026-08-15T21:49:39.742044+00:00,0.0,4.46484375,0.1171875,0.0
stress_1,2026-08-15T21:49:40.242823+00:00,0.0,4.46484375,0.1171875,0.0
stress_1,2026-08-15T21:49:40.743865+00:00,0.0,4.46484375,0.1171875,0.0
stress_1,2026-08-15T21:49:41.244928+00:00,0.0,4.46484375,0.1171875,0.0
stress_1,2026-08-15T21:49:41.746074+00:00,0.0,4.46484375,0.1171875,0.0
stress_1,2026-08-15T21:49:42.247278+00:00,0.0,4.46484375,0.1171875,0.0
stress_1,2026-08-15T21:49:42.748329+00:00,0.0,4.46484375,0.1171875,0.0
stress_1,2026-08-15T21:49:43.249420+00:00,0.0,4.46484375,0.1171875,0.0
stress_1,2026-08-15T21:49:43.750561+00:00,0.0,4.46484375,0.1171875,0.0
stress_1,2026-08-15T21:49:44.251664+00:00,0.0,4.46484375,0.1171875,0.0
stress_1,2026-08-15T21:49:44.752785+00:00,0.0,4.46484375,0.1171875,0.0
stress_1,2026-08-15T21:49:45.253859+00:00,0.0,4.46484375,0.1171875,0.0
stress_1,2026-08-15T21:49:45.755040+00:00,0.0,4.46484375,0.1171875,0.0
stress_1,2026-08-15T21:49:46.256227+00:00,0.0,4.46484375,0.1171875,0.0
stress_1,2026-08-15T21:49:46.757290+00:00,0.0,4.46484375,0.1171875,0.0
stress_1,2026-08-15T21:49:47.258437+00:00,0.0,4.46484375,0.1171875,0.0
stress_1,2026-08-15T21:49:47.759599+00:00,0.0,4.46484375,0.1171875,0.0
stress_1,2026-08-15T21:49:48.260540+00:00,0.0,4.46484375,0.1171875,0.0
stress_1,2026-08-15T21:49:48.761245+00:00,0.0,4.46484375,0.1171875,0.0
stress_1,2026-08-15T21:49:49.262302+00:00,0.0,4.46484375,0.1171875,0.0
stress_1,2026-08-15T21:49:49.763263+00:00,0.0,4.46484375,0.1171875,0.0
stress_1,2026-08-15T21:49:50.264223+00:00,0.0,4.46484375,0.1171875,0.0
stress_1,2026-08-15T21:49:50.764875+00:00,0.0,4.46484375,0.1171875,0.0
stress_1,2026-08-15T21:49:51.265772+00:00,0.0,4.46484375,0.1171875,0.0
stress_1,2026-08-15T21:49:51.767249+00:00,0.0,4.46484375,0.1171875,0.0
stress_1,2026-08-15T21:49:52.268281+00:00,0.0,4.46484375,0.1171875,0.0
stress_1,2026-08-15T21:49:52.769515+00:00,0.0,4.46484375,0.1171875,0.0
stress_1,2026-08-15T21:49:53.270502+00:00,0.0,4.46484375,0.1171875,0.0
stress_1,2026-08-15T21:49:53.771581+00:00,0.0,4.46484375,0.1171875,0.0
stress_1,2026-08-15T21:49:54.272706+00:00,0.0,4.46484375,0.1171875,0.0
stress_1,2026-08-15T21:49:54.773846+00:00,0.0,4.46484375,0.1171875,0.0
stress_1,2026-08-15T21:49:55.274939+00:00,0.0,4.46484375,0.1171875,0.0
stress_1,2026-08-15T21:49:55.776183+00:00,0.0,4.46484375,0.1171875,0.0
stress_1,2026-08-15T21:49:56.277336+00:00,0.0,4.46484375,0.1171875,0.0
stress_1,2026-08-15T21:49:56.778490+00:00,0.0,4.46484375,0.1171875,0.0
stress_1,2026-08-15T21:49:57.279627+00:00,0.0,4.46484375,0.1171875,0.0
stress_1,2026-08-15T21:49:57.780587+00:00,0.0,4.46484375,0.1171875,0.0
stress_1,2026-08-15T21:49:58.281557+00:00,0.0,4.46484375,0.1171875,0.0
stress_1,2026-08-15T21:49:58.782248+00:00,0.0,4.46484375,0.1171875,0.0
stress_1,2026-08-15T21:49:59.283428+00:00,0.0,4.46484375,0.1171875,0.0
stress_1,2026-08-15T21:49:59.784642+00:00,2.0,4.46484375,0.1171875,0.0
stress_1,2026-08-15T21:50:00.285546+00:00,0.0,4.46484375,0.1171875,0.0
stress_1,2026-08-15T21:50:00.786517+00:00,0.0,4.46484375,0.1171875,0.0
stress_1,2026-08-15T21:50:01.287207+00:00,0.0,4.46484375,0.1171875,0.0
stress_1,2026-08-15T21:50:01.787805+00:00,0.0,4.46484375,0.1171875,0.0
stress_1,2026-08-15T21:50:02.288854+00:00,0.0,4.46484375,0.1171875,0.0
stress_1,2026-08-15T21:50:02.789773+00:00,0.0,4.46484375,0.1171875,0.0
stress_1,2026-08-15T21:50:03.290946+00:00,0.0,4.46484375,0.1171875,0.0
stress_1,2026-08-15T21:50:03.792132+00:00,0.0,4.46484375,0.1171875,0.0
stress_1,2026-08-15T21:50:04.292688+00:00,0.0,4.46484375,0.1171875,0.0
stress_1,2026-08-15T21:50:04.793760+00:00,0.0,4.46484375,0.1171875,0.0
stress_1,2026-08-15T21:50:05.294868+00:00,0.0,4.46484375,0.1171875,0.0
stress_1,2026-08-15T21:50:05.795944+00:00,0.0,4.46484375,0.1171875,0.0
stress_1,2026-08-15T21:50:06.297115+00:00,0.0,4.46484375,0.1171875,0.0
stress_1,2026-08-15T21:50:06.797768+00:00,0.0,4.46484375,0.1171875,0.0
stress_1,2026-08-15T21:50:07.298405+00:00,0.0,4.46484375,0.1171875,0.0
stress_1,2026-08-15T21:50:07.799066+00:00,0.0,4.46484375,0.1171875,0.0
stress_1,2026-08-15T21:50:08.300028+00:00,0.0,4.46484375,0.1171875,0.0
stress_1,2026-08-15T21:50:08.801165+00:00,0.0,4.46484375,0.1171875,0.0
stress_1,2026-08-15T21:50:09.302265+00:00,0.0,4.46484375,0.1171875,0.0
stress_1,2026-08-15T21:50:09.803425+00:00,0.0,4.46484375,0.1171875,0.0
stress_1,2026-08-15T21:50:10.304487+00:00,0.0,4.46484375,0.1171875,0.0
stress_1,2026-08-15T21:50:10.805572+00:00,0.0,4.46484375,0.1171875,0.0
stress_1,2026-08-15T21:50:11.306697+00:00,0.0,4.46484375,0.1171875,0.0
stress_1,2026-08-15T21:50:11.807814+00:00,0.0,4.46484375,0.1171875,0.0
stress_1,2026-08-15T21:50:12.308894+00:00,0.0,4.46484375,0.1171875,0.0
stress_1,2026-08-15T21:50:12.810639+00:00,0.0,4.46484375,0.1171875,0.0
stress_1,2026-08-15T21:50:13.311796+00:00,0.0,4.46484375,0.1171875,0.0
stress_1,2026-08-15T21:50:13.812403+00:00,0.0,4.46484375,0.1171875,0.0
stress_1,2026-08-15T21:50:14.313482+00:00,0.0,4.46484375,0.1171875,0.0
stress_1,2026-08-15T21:50:14.814248+00:00,0.0,4.46484375,0.1171875,0.0
stress_1,2026-08-15T21:50:15.315362+00:00,0.0,4.46484375,0.1171875,0.0
stress_1,2026-08-15T21:50:15.816695+00:00,0.0,4.46484375,0.1171875,0.0
stress_1,2026-08-15T21:50:16.317650+00:00,0.0,4.46484375,0.1171875,0.0
stress_1,2026-08-15T21:50:16.818795+00:00,0.0,4.46484375,0.1171875,0.0
stress_1,2026-08-15T21:50:17.319846+00:00,0.0,4.46484375,0.1171875,0.0
stress_1,2026-08-15T21:50:17.820898+00:00,0.0,4.46484375,0.1171875,0.0
stress_1,2026-08-15T21:50:18.322057+00:00,0.0,4.46484375,0.1171875,0.0
stress_1,2026-08-15T21:50:18.823199+00:00,0.0,4.46484375,0.1171875,0.0
stress_1,2026-08-15T21:50:19.323790+00:00,0.0,4.46484375,0.1171875,0.0
stress_1,2026-08-15T21:50:19.824812+00:00,0.0,4.46484375,0.1171875,0.0
stress_1,2026-08-15T21:50:20.325884+00:00,0.0,4.46484375,0.1171875,0.0
stress_1,2026-08-15T21:50:20.826959+00:00,0.0,4.46484375,0.1171875,0.0
stress_1,2026-08-15T21:50:21.328141+00:00,0.0,4.46484375,0.1171875,0.0
stress_1,2026-08-15T21:50:21.829262+00:00,0.0,4.46484375,0.1171875,0.0
stress_1,2026-08-15T21:50:22.330224+00:00,0.0,4.46484375,0.1171875,0.0
stress_1,2026-08-15T21:50:22.831340+00:00,0.0,4.46484375,0.1171875,0.0
stress_1,2026-08-15T21:50:23.332018+00:00,0.0,4.46484375,0.1171875,0.0
stress_1,2026-08-15T21:50:23.832816+00:00,0.0,4.46484375,0.1171875,0.0
stress_1,2026-08-15T21:50:24.333900+00:00,0.0,4.46484375,0.1171875,0.0
stress_1,2026-08-15T21:50:24.835083+00:00,0.0,4.46484375,0.1171875,0.0
stress_1,2026-08-15T21:50:25.336183+00:00,0.0,4.46484375,0.1171875,0.0
stress_1,2026-08-15T21:50:25.837129+00:00,0.0,4.46484375,0.1171875,0.0
stress_1,2026-08-15T21:50:26.338862+00:00,0.0,4.46484375,0.1171875,0.0
stress_1,2026-08-15T21:50:26.839792+00:00,0.0,4.46484375,0.1171875,0.0
stress_1,2026-08-15T21:50:27.340406+00:00,0.0,4.46484375,0.1171875,0.0
stress_1,2026-08-15T21:50:27.841151+00:00,0.0,4.46484375,0.1171875,0.0
stress_1,2026-08-15T21:50:28.341693+00:00,0.0,4.46484375,0.1171875,0.0
stress_1,2026-08-15T21:50:28.842597+00:00,0.0,4.46484375,0.1171875,0.0
stress_1,2026-08-15T21:50:29.343559+00:00,0.0,4.46484375,0.1171875,0.0
stress_1,2026-08-15T21:50:29.844214+00:00,0.0,4.46484375,0.1171875,0.0
stress_1,2026-08-15T21:50:30.344764+00:00,0.0,4.46484375,0.1171875,0.0
stress_1,2026-08-15T21:50:30.845309+00:00,0.0,4.46484375,0.1171875,0.0
stress_1,2026-08-15T21:50:31.345792+00:00,0.0,4.46484375,0.1171875,0.0
stress_1,2026-08-15T21:50:31.847299+00:00,0.0,4.46484375,0.1171875,0.0
stress_1,2026-08-15T21:50:32.348167+00:00,0.0,4.46484375,0.1171875,0.0
stress_1,2026-08-15T21:50:32.848722+00:00,0.0,4.46484375,0.1171875,0.0
stress_1,2026-08-15T21:50:33.349306+00:00,0.0,4.46484375,0.1171875,0.0
stress_1,2026-08-15T21:50:33.850275+00:00,0.0,4.46484375,0.1171875,0.0
stress_1,2026-08-15T21:50:34.350927+00:00,0.0,4.46484375,0.1171875,0.0
stress_1,2026-08-15T21:50:34.851455+00:00,0.0,4.46484375,0.1171875,0.0
stress_1,2026-08-15T21:50:35.352058+00:00,0.0,4.46484375,0.1171875,0.0
stress_1,2026-08-15T21:50:35.852728+00:00,0.0,4.46484375,0.1171875,0.0
stress_1,2026-08-15T21:50:36.353418+00:00,0.0,4.46484375,0.1171875,0.0
stress_1,2026-08-15T21:50:36.854033+00:00,0.0,4.46484375,0.1171875,0.0
stress_1,2026-08-15T21:50:37.354681+00:00,0.0,4.46484375,0.1171875,0.0
stress_1,2026-08-15T21:50:37.855286+00:00,0.0,4.46484375,0.1171875,0.0
stress_1,2026-08-15T21:50:38.355830+00:00,0.0,4.46484375,0.1171875,0.0
stress_1,2026-08-15T21:50:38.856379+00:00,0.0,4.46484375,0.1171875,0.0
stress_1,2026-08-15T21:50:39.357058+00:00,0.0,4.46484375,0.1171875,0.0
stress_1,2026-08-15T21:50:39.857566+00:00,0.0,4.46484375,0.1171875,0.0
stress_1,2026-08-15T21:50:40.358321+00:00,0.0,4.46484375,0.1171875,0.0
stress_1,2026-08-15T21:50:40.858816+00:00,0.0,4.46484375,0.1171875,0.0
stress_1,2026-08-15T21:50:41.359793+00:00,0.0,4.46484375,0.1171875,0.0
stress_1,2026-08-15T21:50:41.860705+00:00,0.0,4.46484375,0.1171875,0.0
stress_1,2026-08-15T21:50:42.361413+00:00,0.0,4.46484375,0.1171875,0.0
stress_1,2026-08-15T21:50:42.862063+00:00,0.0,4.46484375,0.1171875,0.0
stress_1,2026-08-15T21:50:43.362881+00:00,0.0,4.46484375,0.1171875,0.0
stress_1,2026-08-15T21:50:43.863712+00:00,0.0,4.46484375,0.1171875,0.0
stress_1,2026-08-15T21:50:44.364437+00:00,0.0,4.46484375,0.1171875,0.0
stress_1,2026-08-15T21:50:44.865181+00:00,0.0,4.46484375,0.1171875,0.0
stress_1,2026-08-15T21:50:45.365813+00:00,0.0,4.46484375,0.1171875,0.0
stress_1,2026-08-15T21:50:45.866654+00:00,0.0,4.46484375,0.1171875,0.0
stress_1,2026-08-15T21:50:46.367188+00:00,0.0,4.46484375,0.1171875,0.0
stress_1,2026-08-15T21:50:46.868142+00:00,0.0,4.46484375,0.1171875,0.0
stress_1,2026-08-15T21:50:47.369076+00:00,0.0,4.46484375,0.1171875,0.0
stress_1,2026-08-15T21:50:47.869953+00:00,0.0,4.46484375,0.1171875,0.0
stress_1,2026-08-15T21:50:48.370507+00:00,0.0,4.46484375,0.1171875,0.0
stress_1,2026-08-15T21:50:48.871359+00:00,0.0,4.46484375,0.1171875,0.0
stress_1,2026-08-15T21:50:49.372095+00:00,0.0,4.46484375,0.1171875,0.0
stress_1,2026-08-15T21:50:49.872782+00:00,0.0,4.46484375,0.1171875,0.0
stress_1,2026-08-15T21:50:50.373434+00:00,0.0,4.46484375,0.1171875,0.0
stress_1,2026-08-15T21:50:50.874279+00:00,0.0,4.46484375,0.1171875,0.0
stress_1,2026-08-15T21:50:51.375236+00:00,0.0,4.46484375,0.1171875,0.0
stress_1,2026-08-15T21:50:51.876146+00:00,0.0,4.46484375,0.1171875,0.0
stress_1,2026-08-15T21:50:52.376904+00:00,0.0,4.46484375,0.1171875,0.0
stress_1,2026-08-15T21:50:52.877851+00:00,0.0,4.46484375,0.1171875,0.0
stress_1,2026-08-15T21:50:53.378681+00:00,0.0,4.46484375,0.1171875,0.0
stress_1,2026-08-15T21:50:53.879476+00:00,0.0,4.46484375,0.1171875,0.0
stress_1,2026-08-15T21:50:54.380359+00:00,0.0,4.46484375,0.1171875,0.0
stress_1,2026-08-15T21:50:54.880887+00:00,0.0,4.46484375,0.1171875,0.0
stress_1,2026-08-15T21:50:55.381454+00:00,0.0,4.46484375,0.1171875,0.0
stress_1,2026-08-15T21:50:55.882370+00:00,0.0,4.46484375,0.1171875,0.0
stress_1,2026-08-15T21:50:56.382929+00:00,0.0,4.46484375,0.1171875,0.0
stress_1,2026-08-15T21:50:56.883421+00:00,0.0,4.46484375,0.1171875,0.0
stress_1,2026-08-15T21:50:57.384373+00:00,0.0,4.46484375,0.1171875,0.0
stress_1,2026-08-15T21:50:57.885446+00:00,0.0,4.46484375,0.1171875,0.0
stress_1,2026-08-15T21:50:58.385979+00:00,0.0,4.46484375,0.1171875,0.0
stress_1,2026-08-15T21:50:58.886476+00:00,0.0,4.46484375,0.1171875,0.0
stress_1,2026-08-15T21:50:59.387004+00:00,0.0,4.46484375,0.1171875,0.0
stress_1,2026-08-15T21:50:59.887639+00:00,0.0,4.46484375,0.1171875,0.0
stress_1,2026-08-15T21:51:00.388167+00:00,0.0,4.46484375,0.1171875,0.0
stress_1,2026-08-15T21:51:00.888655+00:00,0.0,4.46484375,0.1171875,0.0
stress_1,2026-08-15T21:51:01.389325+00:00,0.0,4.46484375,0.1171875,0.0
stress_1,2026-08-15T21:51:01.890203+00:00,0.0,4.46484375,0.1171875,0.0
stress_1,2026-08-15T21:51:02.390713+00:00,0.0,4.46484375,0.1171875,0.0
stress_1,2026-08-15T21:51:02.891279+00:00,0.0,4.46484375,0.1171875,0.0
stress_1,2026-08-15T21:51:03.391843+00:00,0.0,4.46484375,0.1171875,0.0
stress_1,2026-08-15T21:51:03.892476+00:00,0.0,4.46484375,0.1171875,0.0
stress_1,2026-08-15T21:51:04.393067+00:00,0.0,4.46484375,0.1171875,0.0
stress_1,2026-08-15T21:51:04.893652+00:00,0.0,4.46484375,0.1171875,0.0
stress_1,2026-08-15T21:51:05.394324+00:00,0.0,4.46484375,0.1171875,0.0
stress_1,2026-08-15T21:51:05.894964+00:00,0.0,4.46484375,0.1171875,0.0
stress_1,2026-08-15T21:51:06.395573+00:00,0.0,4.46484375,0.1171875,0.0
stress_1,2026-08-15T21:51:06.896247+00:00,0.0,4.46484375,0.1171875,0.0
stress_1,2026-08-15T21:51:07.397172+00:00,0.0,4.46484375,0.1171875,0.0
stress_1,2026-08-15T21:51:07.897690+00:00,0.0,4.46484375,0.1171875,0.0
stress_1,2026-08-15T21:51:08.398484+00:00,0.0,4.46484375,0.1171875,0.0
stress_1,2026-08-15T21:51:08.899265+00:00,0.0,4.46484375,0.1171875,0.0
stress_1,2026-08-15T21:51:09.400256+00:00,0.0,4.46484375,0.1171875,0.0
stress_1,2026-08-15T21:51:09.901106+00:00,0.0,4.46484375,0.1171875,0.0
stress_1,2026-08-15T21:51:10.401806+00:00,0.0,4.46484375,0.1171875,0.0
stress_1,2026-08-15T21:51:10.902681+00:00,0.0,4.46484375,0.1171875,0.0
stress_1,2026-08-15T21:51:11.403227+00:00,0.0,4.46484375,0.1171875,0.0
stress_1,2026-08-15T21:51:11.903784+00:00,0.0,4.46484375,0.1171875,0.0
stress_1,2026-08-15T21:51:12.404465+00:00,0.0,4.46484375,0.1171875,0.0
stress_1,2026-08-15T21:51:12.905433+00:00,0.0,4.46484375,0.1171875,0.0
stress_1,2026-08-15T21:51:13.406078+00:00,0.0,4.46484375,0.1171875,0.0
stress_1,2026-08-15T21:51:13.906697+00:00,0.0,4.46484375,0.1171875,0.0
stress_1,2026-08-15T21:51:14.407220+00:00,0.0,4.46484375,0.1171875,0.0
stress_1,2026-08-15T21:51:14.907929+00:00,0.0,4.46484375,0.1171875,0.0
stress_1,2026-08-15T21:51:15.408569+00:00,0.0,4.46484375,0.1171875,0.0
stress_1,2026-08-15T21:51:15.909118+00:00,0.0,4.46484375,0.1171875,0.0
stress_1,2026-08-15T21:51:16.409799+00:00,0.0,4.46484375,0.1171875,0.0
stress_1,2026-08-15T21:51:16.910339+00:00,0.0,4.46484375,0.1171875,0.0
stress_1,2026-08-15T21:51:17.411291+00:00,0.0,4.46484375,0.1171875,0.0
stress_1,2026-08-15T21:51:17.912233+00:00,0.0,4.46484375,0.1171875,0.0
stress_1,2026-08-15T21:51:18.412874+00:00,0.0,4.46484375,0.1171875,0.0
stress_1,2026-08-15T21:51:18.913632+00:00,0.0,4.46484375,0.1171875,0.0
stress_1,2026-08-15T21:51:19.414307+00:00,0.0,4.46484375,0.1171875,0.0
stress_1,2026-08-15T21:51:19.915010+00:00,0.0,4.46484375,0.1171875,0.0
stress_1,2026-08-15T21:51:20.415608+00:00,0.0,4.46484375,0.1171875,0.0
stress_1,2026-08-15T21:51:20.916190+00:00,0.0,4.46484375,0.1171875,0.0
stress_1,2026-08-15T21:51:21.416855+00:00,0.0,4.46484375,0.1171875,0.0
stress_1,2026-08-15T21:51:21.917733+00:00,0.0,4.46484375,0.1171875,0.0
stress_1,2026-08-15T21:51:22.418337+00:00,0.0,4.46484375,0.1171875,0.0
stress_1,2026-08-15T21:51:22.918828+00:00,0.0,4.46484375,0.1171875,0.0
stress_1,2026-08-15T21:51:23.419353+00:00,0.0,4.46484375,0.1171875,0.0
stress_1,2026-08-15T21:51:23.919869+00:00,0.0,4.46484375,0.1171875,0.0
stress_1,2026-08-15T21:51:24.420450+00:00,0.0,4.46484375,0.1171875,0.0
stress_1,2026-08-15T21:51:24.921118+00:00,0.0,4.46484375,0.1171875,0.0
stress_1,2026-08-15T21:51:25.422057+00:00,0.0,4.46484375,0.1171875,0.0
stress_1,2026-08-15T21:51:25.922694+00:00,0.0,4.46484375,0.1171875,0.0
stress_1,2026-08-15T21:51:26.423506+00:00,0.0,4.46484375,0.1171875,0.0
stress_1,2026-08-15T21:51:26.924280+00:00,0.0,4.46484375,0.1171875,0.0
stress_1,2026-08-15T21:51:27.425044+00:00,0.0,4.46484375,0.1171875,0.0
stress_1,2026-08-15T21:51:27.925753+00:00,0.0,4.46484375,0.1171875,0.0
stress_1,2026-08-15T21:51:28.426318+00:00,0.0,4.46484375,0.1171875,0.0
stress_1,2026-08-15T21:51:28.926803+00:00,0.0,4.46484375,0.1171875,0.0
stress_1,2026-08-15T21:51:29.427602+00:00,0.0,4.46484375,0.1171875,0.0
stress_1,2026-08-15T21:51:29.928126+00:00,0.0,4.46484375,0.1171875,0.0
stress_1,2026-08-15T21:51:30.428613+00:00,0.0,4.46484375,0.1171875,0.0
stress_1,2026-08-15T21:51:30.929150+00:00,0.0,4.46484375,0.1171875,0.0
stress_1,2026-08-15T21:51:31.430074+00:00,0.0,4.46484375,0.1171875,0.0
stress_1,2026-08-15T21:51:31.930795+00:00,0.0,4.46484375,0.1171875,0.0
stress_1,2026-08-15T21:51:32.431437+00:00,0.0,4.46484375,0.1171875,0.0
stress_1,2026-08-15T21:51:32.932079+00:00,0.0,4.46484375,0.1171875,0.0
stress_1,2026-08-15T21:51:33.432649+00:00,0.0,4.46484375,0.1171875,0.0
stress_1,2026-08-15T21:51:33.933189+00:00,0.0,4.46484375,0.1171875,0.0
stress_1,2026-08-15T21:51:34.433809+00:00,0.0,4.46484375,0.1171875,0.0
stress_1,2026-08-15T21:51:34.934493+00:00,0.0,4.46484375,0.1171875,0.0
stress_1,2026-08-15T21:51:35.435042+00:00,0.0,4.46484375,0.1171875,0.0
stress_1,2026-08-15T21:51:35.935825+00:00,0.0,4.46484375,0.1171875,0.0
stress_1,2026-08-15T21:51:36.436554+00:00,0.0,4.46484375,0.1171875,0.0
stress_1,2026-08-15T21:51:36.937055+00:00,0.0,4.46484375,0.1171875,0.0
stress_1,2026-08-15T21:51:37.437517+00:00,0.0,4.46484375,0.1171875,0.0
stress_1,2026-08-15T21:51:37.938242+00:00,0.0,4.46484375,0.1171875,0.0
stress_1,2026-08-15T21:51:38.438745+00:00,0.0,4.46484375,0.1171875,0.0
stress_1,2026-08-15T21:51:38.939278+00:00,0.0,4.46484375,0.1171875,0.0
stress_1,2026-08-15T21:51:39.439806+00:00,0.0,4.46484375,0.1171875,0.0
stress_1,2026-08-15T21:51:39.940305+00:00,0.0,4.46484375,0.1171875,0.0
stress_1,2026-08-15T21:51:40.440871+00:00,0.0,4.46484375,0.1171875,0.0
stress_1,2026-08-15T21:51:40.941405+00:00,0.0,4.46484375,0.1171875,0.0
stress_1,2026-08-15T21:51:41.441966+00:00,0.0,4.46484375,0.1171875,0.0
stress_1,2026-08-15T21:51:41.942798+00:00,0.0,4.46484375,0.1171875,0.0
stress_1,2026-08-15T21:51:42.443339+00:00,0.0,4.46484375,0.1171875,0.0
stress_1,2026-08-15T21:51:42.943818+00:00,0.0,4.46484375,0.1171875,0.0
stress_1,2026-08-15T21:51:43.444346+00:00,0.0,4.46484375,0.1171875,0.0
stress_1,2026-08-15T21:51:43.944984+00:00,0.0,4.46484375,0.1171875,0.0
stress_1,2026-08-15T21:51:44.445527+00:00,0.0,4.46484375,0.1171875,0.0
stress_1,2026-08-15T21:51:44.946128+00:00,0.0,4.46484375,0.1171875,0.0
stress_1,2026-08-15T21:51:45.446683+00:00,0.0,4.46484375,0.1171875,0.0
stress_1,2026-08-15T21:51:45.947376+00:00,0.0,4.46484375,0.1171875,0.0
stress_1,2026-08-15T21:51:46.448185+00:00,0.0,4.46484375,0.1171875,0.0
stress_1,2026-08-15T21:51:46.949125+00:00,0.0,4.46484375,0.1171875,0.0
stress_1,2026-08-15T21:51:47.450085+00:00,0.0,4.46484375,0.1171875,0.0
stress_1,2026-08-15T21:51:47.951153+00:00,0.0,4.46484375,0.1171875,0.0
stress_1,2026-08-15T21:51:48.451797+00:00,0.0,4.46484375,0.1171875,0.0
stress_1,2026-08-15T21:51:48.952879+00:00,0.0,4.46484375,0.1171875,0.0
stress_1,2026-08-15T21:51:49.453950+00:00,0.0,4.46484375,0.1171875,0.0
stress_1,2026-08-15T21:51:49.955171+00:00,0.0,4.46484375,0.1171875,0.0
stress_1,2026-08-15T21:51:50.456273+00:00,0.0,4.46484375,0.1171875,0.0
stress_1,2026-08-15T21:51:50.957425+00:00,0.0,4.46484375,0.1171875,0.0
stress_1,2026-08-15T21:51:51.458706+00:00,0.0,4.46484375,0.1171875,0.0
stress_1,2026-08-15T21:51:51.959782+00:00,0.0,4.46484375,0.1171875,0.0
stress_1,2026-08-15T21:51:52.460883+00:00,0.0,4.46484375,0.1171875,0.0
stress_1,2026-08-15T21:51:52.961937+00:00,0.0,4.46484375,0.1171875,0.0
stress_1,2026-08-15T21:51:53.463138+00:00,0.0,4.46484375,0.1171875,0.0
stress_1,2026-08-15T21:51:53.964263+00:00,0.0,4.46484375,0.1171875,0.0
stress_1,2026-08-15T21:51:54.464899+00:00,0.0,4.46484375,0.1171875,0.0
stress_1,2026-08-15T21:51:54.965530+00:00,0.0,4.46484375,0.1171875,0.0
stress_1,2026-08-15T21:51:55.466686+00:00,0.0,4.46484375,0.1171875,0.0
stress_1,2026-08-15T21:51:55.967825+00:00,0.0,4.46484375,0.1171875,0.0
stress_1,2026-08-15T21:51:56.468894+00:00,0.0,4.46484375,0.1171875,0.0
stress_1,2026-08-15T21:51:56.970088+00:00,0.0,4.46484375,0.1171875,0.0
stress_1,2026-08-15T21:51:57.470601+00:00,0.0,4.46484375,0.1171875,0.0
stress_1,2026-08-15T21:51:57.972333+00:00,0.0,4.46484375,0.1171875,0.0
stress_1,2026-08-15T21:51:58.472770+00:00,0.0,4.46484375,0.1171875,0.0
stress_1,2026-08-15T21:51:58.973863+00:00,0.0,4.46484375,0.1171875,0.0
stress_1,2026-08-15T21:51:59.474957+00:00,0.0,4.46484375,0.1171875,0.0
stress_1,2026-08-15T21:51:59.976146+00:00,0.0,4.46484375,0.1171875,0.0
stress_1,2026-08-15T21:52:00.476664+00:00,0.0,4.46484375,0.1171875,0.0
stress_1,2026-08-15T21:52:00.977155+00:00,0.0,4.46484375,0.1171875,0.0
stress_1,2026-08-15T21:52:01.478253+00:00,0.0,4.46484375,0.1171875,0.0
stress_1,2026-08-15T21:52:01.979485+00:00,0.0,4.46484375,0.1171875,0.0
stress_1,2026-08-15T21:52:02.480635+00:00,0.0,4.46484375,0.1171875,0.0
stress_1,2026-08-15T21:52:02.981826+00:00,0.0,4.46484375,0.1171875,0.0
stress_1,2026-08-15T21:52:03.483137+00:00,0.0,4.46484375,0.1171875,0.0
stress_1,2026-08-15T21:52:03.984107+00:00,0.0,4.46484375,0.1171875,0.0
stress_1,2026-08-15T21:52:04.485216+00:00,0.0,4.46484375,0.1171875,0.0
stress_1,2026-08-15T21:52:04.985847+00:00,0.0,4.46484375,0.1171875,0.0
stress_1,2026-08-15T21:52:05.487017+00:00,0.0,4.46484375,0.1171875,0.0
stress_1,2026-08-15T21:52:05.988105+00:00,2.0,4.46484375,0.1171875,0.0
stress_1,2026-08-15T21:52:06.489364+00:00,0.0,4.46484375,0.1171875,0.0
stress_1,2026-08-15T21:52:06.990118+00:00,0.0,4.46484375,0.1171875,0.0
stress_1,2026-08-15T21:52:07.491223+00:00,0.0,4.46484375,0.1171875,0.0
stress_1,2026-08-15T21:52:07.991777+00:00,0.0,4.46484375,0.1171875,0.0
stress_1,2026-08-15T21:52:08.492802+00:00,0.0,4.46484375,0.1171875,0.0
stress_1,2026-08-15T21:52:08.993435+00:00,0.0,4.46484375,0.1171875,0.0
stress_1,2026-08-15T21:52:09.494454+00:00,0.0,4.46484375,0.1171875,0.0
stress_1,2026-08-15T21:52:09.995515+00:00,0.0,4.46484375,0.1171875,0.0
stress_1,2026-08-15T21:52:10.496181+00:00,0.0,4.46484375,0.1171875,0.0
stress_1,2026-08-15T21:52:10.997271+00:00,0.0,4.46484375,0.1171875,0.0
stress_1,2026-08-15T21:52:11.498401+00:00,0.0,4.46484375,0.1171875,0.0
stress_1,2026-08-15T21:52:11.999156+00:00,0.0,4.46484375,0.1171875,0.0
stress_1,2026-08-15T21:52:12.500272+00:00,0.0,4.46484375,0.1171875,0.0
stress_1,2026-08-15T21:52:13.001446+00:00,0.0,4.46484375,0.1171875,0.0
stress_1,2026-08-15T21:52:13.502559+00:00,0.0,4.46484375,0.1171875,0.0
stress_1,2026-08-15T21:52:14.003683+00:00,0.0,4.46484375,0.1171875,0.0
stress_1,2026-08-15T21:52:14.504800+00:00,0.0,4.46484375,0.1171875,0.0
stress_1,2026-08-15T21:52:15.005882+00:00,0.0,4.46484375,0.1171875,0.0
stress_1,2026-08-15T21:52:15.506813+00:00,0.0,4.46484375,0.1171875,0.0
stress_1,2026-08-15T21:52:16.007895+00:00,0.0,4.46484375,0.1171875,0.0
stress_1,2026-08-15T21:52:16.508852+00:00,0.0,4.46484375,0.1171875,0.0
stress_1,2026-08-15T21:52:17.009441+00:00,0.0,4.46484375,0.1171875,0.0
stress_1,2026-08-15T21:52:17.509938+00:00,0.0,4.46484375,0.1171875,0.0
stress_1,2026-08-15T21:52:18.011042+00:00,0.0,4.46484375,0.1171875,0.0
stress_1,2026-08-15T21:52:18.511673+00:00,0.0,4.46484375,0.1171875,0.0
stress_1,2026-08-15T21:52:19.012324+00:00,0.0,4.46484375,0.1171875,0.0
stress_1,2026-08-15T21:52:19.513240+00:00,0.0,4.46484375,0.1171875,0.0
stress_1,2026-08-15T21:52:20.013786+00:00,0.0,4.46484375,0.1171875,0.0
stress_1,2026-08-15T21:52:20.514840+00:00,0.0,4.46484375,0.1171875,0.0
stress_1,2026-08-15T21:52:21.015521+00:00,0.0,4.46484375,0.1171875,0.0
stress_1,2026-08-15T21:52:21.516599+00:00,0.0,4.46484375,0.1171875,0.0
stress_1,2026-08-15T21:52:22.017709+00:00,0.0,4.46484375,0.1171875,0.0
stress_1,2026-08-15T21:52:22.518291+00:00,0.0,4.46484375,0.1171875,0.0
stress_1,2026-08-15T21:52:23.018901+00:00,0.0,4.46484375,0.1171875,0.0
stress_1,2026-08-15T21:52:23.519906+00:00,0.0,4.46484375,0.1171875,0.0
stress_1,2026-08-15T21:52:24.020891+00:00,0.0,4.46484375,0.1171875,0.0
stress_1,2026-08-15T21:52:24.521909+00:00,0.0,4.46484375,0.1171875,0.0
stress_1,2026-08-15T21:52:25.023085+00:00,0.0,4.46484375,0.1171875,0.0
stress_1,2026-08-15T21:52:25.524344+00:00,0.0,4.46484375,0.1171875,0.0
stress_1,2026-08-15T21:52:26.025024+00:00,0.0,4.46484375,0.1171875,0.0
stress_1,2026-08-15T21:52:26.525812+00:00,0.0,4.46484375,0.1171875,0.0
stress_1,2026-08-15T21:52:27.026857+00:00,0.0,4.46484375,0.1171875,0.0
stress_1,2026-08-15T21:52:27.527471+00:00,0.0,4.46484375,0.1171875,0.0
stress_1,2026-08-15T21:52:28.028212+00:00,0.0,4.46484375,0.1171875,0.0
stress_1,2026-08-15T21:52:28.529368+00:00,0.0,4.46484375,0.1171875,0.0
stress_1,2026-08-15T21:52:29.030474+00:00,0.0,4.46484375,0.1171875,0.0
stress_1,2026-08-15T21:52:29.531659+00:00,0.0,4.46484375,0.1171875,0.0
stress_1,2026-08-15T21:52:30.032776+00:00,0.0,4.46484375,0.1171875,0.0
stress_1,2026-08-15T21:52:30.533746+00:00,0.0,4.46484375,0.1171875,0.0
stress_1,2026-08-15T21:52:31.034594+00:00,0.0,4.46484375,0.1171875,0.0
stress_1,2026-08-15T21:52:31.535228+00:00,0.0,4.46484375,0.1171875,0.0
stress_1,2026-08-15T21:52:32.035804+00:00,0.0,4.46484375,0.1171875,0.0
stress_1,2026-08-15T21:52:32.536878+00:00,0.0,4.46484375,0.1171875,0.0
stress_1,2026-08-15T21:52:33.037895+00:00,0.0,4.46484375,0.1171875,0.0
stress_1,2026-08-15T21:52:33.539101+00:00,0.0,4.46484375,0.1171875,0.0
stress_1,2026-08-15T21:52:34.040288+00:00,0.0,4.46484375,0.1171875,0.0
stress_1,2026-08-15T21:52:34.541172+00:00,0.0,4.46484375,0.1171875,0.0
stress_1,2026-08-15T21:52:35.042071+00:00,0.0,4.46484375,0.1171875,0.0
stress_1,2026-08-15T21:52:35.542923+00:00,0.0,4.46484375,0.1171875,0.0
stress_1,2026-08-15T21:52:36.044029+00:00,0.0,4.46484375,0.1171875,0.0
stress_1,2026-08-15T21:52:36.544569+00:00,0.0,4.46484375,0.1171875,0.0
stress_1,2026-08-15T21:52:37.045477+00:00,0.0,4.46484375,0.1171875,0.0
stress_1,2026-08-15T21:52:37.546368+00:00,0.0,4.46484375,0.1171875,0.0
stress_1,2026-08-15T21:52:38.047275+00:00,0.0,4.46484375,0.1171875,0.0
stress_1,2026-08-15T21:52:38.547923+00:00,0.0,4.46484375,0.1171875,0.0
stress_1,2026-08-15T21:52:39.048612+00:00,0.0,4.46484375,0.1171875,0.0
stress_1,2026-08-15T21:52:39.549120+00:00,0.0,4.46484375,0.1171875,0.0
stress_1,2026-08-15T21:52:40.049619+00:00,0.0,4.46484375,0.1171875,0.0
stress_1,2026-08-15T21:52:40.550503+00:00,0.0,4.46484375,0.1171875,0.0
stress_1,2026-08-15T21:52:41.051110+00:00,0.0,4.46484375,0.1171875,0.0
stress_1,2026-08-15T21:52:41.552254+00:00,0.0,4.46484375,0.1171875,0.0
stress_1,2026-08-15T21:52:42.053453+00:00,0.0,4.46484375,0.1171875,0.0
stress_1,2026-08-15T21:52:42.554599+00:00,0.0,4.46484375,0.1171875,0.0
stress_1,2026-08-15T21:52:43.055731+00:00,0.0,4.46484375,0.1171875,0.0
stress_1,2026-08-15T21:52:43.556459+00:00,0.0,4.46484375,0.1171875,0.0
stress_1,2026-08-15T21:52:44.057209+00:00,0.0,4.46484375,0.1171875,0.0
stress_1,2026-08-15T21:52:44.558342+00:00,0.0,4.46484375,0.1171875,0.0
stress_1,2026-08-15T21:52:45.059418+00:00,0.0,4.46484375,0.1171875,0.0
stress_1,2026-08-15T21:52:45.560792+00:00,0.0,4.46484375,0.1171875,0.0
stress_1,2026-08-15T21:52:46.061895+00:00,0.0,4.46484375,0.1171875,0.0
stress_1,2026-08-15T21:52:46.563079+00:00,0.0,4.46484375,0.1171875,0.0
stress_1,2026-08-15T21:52:47.064367+00:00,0.0,4.46484375,0.1171875,0.0
stress_1,2026-08-15T21:52:47.565475+00:00,0.0,4.46484375,0.1171875,0.0
stress_1,2026-08-15T21:52:48.066455+00:00,0.0,4.46484375,0.1171875,0.0
stress_1,2026-08-15T21:52:48.567263+00:00,0.0,4.46484375,0.1171875,0.0
stress_1,2026-08-15T21:52:49.068203+00:00,0.0,4.46484375,0.1171875,0.0
stress_1,2026-08-15T21:52:49.569087+00:00,0.0,4.46484375,0.1171875,0.0
stress_1,2026-08-15T21:52:50.070049+00:00,0.0,4.46484375,0.1171875,0.0
stress_1,2026-08-15T21:52:50.571126+00:00,0.0,4.46484375,0.1171875,0.0
stress_1,2026-08-15T21:52:51.072224+00:00,0.0,4.46484375,0.1171875,0.0
stress_1,2026-08-15T21:52:51.572819+00:00,0.0,4.46484375,0.1171875,0.0
stress_1,2026-08-15T21:52:52.073849+00:00,0.0,4.46484375,0.1171875,0.0
stress_1,2026-08-15T21:52:52.574514+00:00,0.0,4.46484375,0.1171875,0.0
stress_1,2026-08-15T21:52:53.075480+00:00,0.0,4.46484375,0.1171875,0.0
stress_1,2026-08-15T21:52:53.576177+00:00,0.0,4.46484375,0.1171875,0.0
stress_1,2026-08-15T21:52:54.077020+00:00,0.0,4.46484375,0.1171875,0.0
stress_1,2026-08-15T21:52:54.577570+00:00,0.0,4.46484375,0.1171875,0.0
stress_1,2026-08-15T21:52:55.078651+00:00,0.0,4.46484375,0.1171875,0.0
stress_1,2026-08-15T21:52:55.579654+00:00,0.0,4.46484375,0.1171875,0.0
stress_1,2026-08-15T21:52:56.080737+00:00,0.0,4.46484375,0.1171875,0.0
stress_1,2026-08-15T21:52:56.581840+00:00,0.0,4.46484375,0.1171875,0.0
stress_1,2026-08-15T21:52:57.082947+00:00,0.0,4.46484375,0.1171875,0.0
stress_1,2026-08-15T21:52:57.583870+00:00,0.0,4.46484375,0.1171875,0.0
stress_1,2026-08-15T21:52:58.084813+00:00,0.0,4.46484375,0.1171875,0.0
stress_1,2026-08-15T21:52:58.585354+00:00,0.0,4.46484375,0.1171875,0.0
stress_1,2026-08-15T21:52:59.086233+00:00,0.0,4.46484375,0.1171875,0.0
stress_1,2026-08-15T21:52:59.586893+00:00,0.0,4.46484375,0.1171875,0.0
stress_1,2026-08-15T21:53:00.087928+00:00,0.0,4.46484375,0.1171875,0.0
stress_1,2026-08-15T21:53:00.589076+00:00,0.0,4.46484375,0.1171875,0.0
stress_1,2026-08-15T21:53:01.090165+00:00,0.0,4.46484375,0.1171875,0.0
stress_1,2026-08-15T21:53:01.591340+00:00,0.0,4.46484375,0.1171875,0.0
stress_1,2026-08-15T21:53:02.092450+00:00,0.0,4.46484375,0.1171875,0.0
stress_1,2026-08-15T21:53:02.593055+00:00,0.0,4.46484375,0.1171875,0.0
stress_1,2026-08-15T21:53:03.094003+00:00,0.0,4.46484375,0.1171875,0.0
stress_1,2026-08-15T21:53:03.594536+00:00,0.0,4.46484375,0.1171875,0.0
stress_1,2026-08-15T21:53:04.095055+00:00,0.0,4.46484375,0.1171875,0.0
stress_1,2026-08-15T21:53:04.595697+00:00,0.0,4.46484375,0.1171875,0.0
stress_1,2026-08-15T21:53:05.096342+00:00,0.0,4.46484375,0.1171875,0.0
stress_1,2026-08-15T21:53:05.597443+00:00,0.0,4.46484375,0.1171875,0.0
stress_1,2026-08-15T21:53:06.098555+00:00,0.0,4.46484375,0.1171875,0.0
stress_1,2026-08-15T21:53:06.599683+00:00,0.0,4.46484375,0.1171875,0.0
stress_1,2026-08-15T21:53:07.100785+00:00,0.0,4.46484375,0.1171875,0.0
stress_1,2026-08-15T21:53:07.601850+00:00,0.0,4.46484375,0.1171875,0.0
stress_1,2026-08-15T21:53:08.102362+00:00,0.0,4.46484375,0.1171875,0.0
stress_1,2026-08-15T21:53:08.602809+00:00,0.0,4.46484375,0.1171875,0.0
stress_1,2026-08-15T21:53:09.103293+00:00,0.0,4.46484375,0.1171875,0.0
stress_1,2026-08-15T21:53:09.603776+00:00,0.0,4.46484375,0.1171875,0.0
stress_1,2026-08-15T21:53:10.104259+00:00,0.0,4.46484375,0.1171875,0.0
stress_1,2026-08-15T21:53:10.604939+00:00,0.0,4.46484375,0.1171875,0.0
stress_1,2026-08-15T21:53:11.105554+00:00,0.0,4.46484375,0.1171875,0.0
stress_1,2026-08-15T21:53:11.606671+00:00,0.0,4.46484375,0.1171875,0.0
stress_1,2026-08-15T21:53:12.107408+00:00,0.0,4.46484375,0.1171875,0.0
stress_1,2026-08-15T21:53:12.608519+00:00,0.0,4.46484375,0.1171875,0.0
stress_1,2026-08-15T21:53:13.109239+00:00,0.0,4.46484375,0.1171875,0.0
stress_1,2026-08-15T21:53:13.610370+00:00,0.0,4.46484375,0.1171875,0.0
stress_1,2026-08-15T21:53:14.111624+00:00,0.0,4.46484375,0.1171875,0.0
stress_1,2026-08-15T21:53:14.612784+00:00,0.0,4.46484375,0.1171875,0.0
stress_1,2026-08-15T21:53:15.113393+00:00,0.0,4.46484375,0.1171875,0.0
stress_1,2026-08-15T21:53:15.613990+00:00,0.0,4.46484375,0.1171875,0.0
stress_1,2026-08-15T21:53:16.114775+00:00,0.0,4.46484375,0.1171875,0.0
stress_1,2026-08-15T21:53:16.615387+00:00,0.0,4.46484375,0.1171875,0.0
stress_1,2026-08-15T21:53:17.116433+00:00,0.0,4.46484375,0.1171875,0.0
stress_1,2026-08-15T21:53:17.617581+00:00,0.0,4.46484375,0.1171875,0.0
stress_1,2026-08-15T21:53:18.118743+00:00,0.0,4.46484375,0.1171875,0.0
stress_1,2026-08-15T21:53:18.619809+00:00,0.0,4.46484375,0.1171875,0.0
stress_1,2026-08-15T21:53:19.120953+00:00,0.0,4.46484375,0.1171875,0.0
stress_1,2026-08-15T21:53:19.622167+00:00,0.0,4.46484375,0.1171875,0.0
stress_1,2026-08-15T21:53:20.122747+00:00,0.0,4.46484375,0.1171875,0.0
stress_1,2026-08-15T21:53:20.623267+00:00,0.0,4.46484375,0.1171875,0.0
stress_1,2026-08-15T21:53:21.124303+00:00,0.0,4.46484375,0.1171875,0.0
stress_1,2026-08-15T21:53:21.625423+00:00,0.0,4.46484375,0.1171875,0.0
stress_1,2026-08-15T21:53:22.126596+00:00,0.0,4.46484375,0.1171875,0.0
stress_1,2026-08-15T21:53:22.627193+00:00,0.0,4.46484375,0.1171875,0.0
stress_1,2026-08-15T21:53:23.128276+00:00,0.0,4.46484375,0.1171875,0.0
stress_1,2026-08-15T21:53:23.628884+00:00,0.0,4.46484375,0.1171875,0.0
stress_1,2026-08-15T21:53:24.129764+00:00,0.0,4.46484375,0.1171875,0.0
stress_1,2026-08-15T21:53:24.630848+00:00,0.0,4.46484375,0.1171875,0.0
stress_1,2026-08-15T21:53:25.131763+00:00,0.0,4.46484375,0.1171875,0.0
stress_1,2026-08-15T21:53:25.632834+00:00,0.0,4.46484375,0.1171875,0.0
stress_1,2026-08-15T21:53:26.133896+00:00,0.0,4.46484375,0.1171875,0.0
stress_1,2026-08-15T21:53:26.635090+00:00,0.0,4.46484375,0.1171875,0.0
stress_1,2026-08-15T21:53:27.136492+00:00,0.0,4.46484375,0.1171875,0.0
stress_1,2026-08-15T21:53:27.637638+00:00,0.0,4.46484375,0.1171875,0.0
stress_1,2026-08-15T21:53:28.139011+00:00,0.0,4.46484375,0.1171875,0.0
stress_1,2026-08-15T21:53:28.640088+00:00,0.0,4.46484375,0.1171875,0.0
stress_1,2026-08-15T21:53:29.141347+00:00,0.0,4.46484375,0.1171875,0.0
stress_1,2026-08-15T21:53:29.642597+00:00,0.0,4.46484375,0.1171875,0.0
stress_1,2026-08-15T21:53:30.143332+00:00,0.0,4.46484375,0.1171875,0.0
stress_1,2026-08-15T21:53:30.644435+00:00,0.0,4.46484375,0.1171875,0.0
stress_1,2026-08-15T21:53:31.145142+00:00,0.0,4.46484375,0.1171875,0.0
stress_1,2026-08-15T21:53:31.646229+00:00,0.0,4.46484375,0.1171875,0.0
stress_1,2026-08-15T21:53:32.147329+00:00,0.0,4.46484375,0.1171875,0.0
stress_1,2026-08-15T21:53:32.648469+00:00,0.0,4.46484375,0.1171875,0.0
stress_1,2026-08-15T21:53:33.149572+00:00,0.0,4.46484375,0.1171875,0.0
stress_1,2026-08-15T21:53:33.650705+00:00,0.0,4.46484375,0.1171875,0.0
stress_1,2026-08-15T21:53:34.151820+00:00,0.0,4.46484375,0.1171875,0.0
stress_1,2026-08-15T21:53:34.652875+00:00,0.0,4.46484375,0.1171875,0.0
stress_1,2026-08-15T21:53:35.153939+00:00,0.0,4.46484375,0.1171875,0.0
stress_1,2026-08-15T21:53:35.655222+00:00,0.0,4.46484375,0.1171875,0.0
stress_1,2026-08-15T21:53:36.155881+00:00,0.0,4.46484375,0.1171875,0.0
stress_1,2026-08-15T21:53:36.656906+00:00,0.0,4.46484375,0.1171875,0.0
stress_1,2026-08-15T21:53:37.158076+00:00,2.0,4.46484375,0.1171875,0.0
stress_1,2026-08-15T21:53:37.659222+00:00,0.0,4.46484375,0.1171875,0.0
stress_1,2026-08-15T21:53:38.160285+00:00,0.0,4.46484375,0.1171875,0.0
stress_1,2026-08-15T21:53:38.660817+00:00,0.0,4.46484375,0.1171875,0.0
stress_1,2026-08-15T21:53:39.161325+00:00,0.0,4.46484375,0.1171875,0.0
stress_1,2026-08-15T21:53:39.662511+00:00,0.0,4.46484375,0.1171875,0.0
stress_1,2026-08-15T21:53:40.163872+00:00,0.0,4.46484375,0.1171875,0.0
stress_1,2026-08-15T21:53:40.664962+00:00,0.0,4.46484375,0.1171875,0.0
stress_1,2026-08-15T21:53:41.165559+00:00,0.0,4.46484375,0.1171875,0.0
stress_1,2026-08-15T21:53:41.666629+00:00,0.0,4.46484375,0.1171875,0.0
stress_1,2026-08-15T21:53:42.167780+00:00,0.0,4.46484375,0.1171875,0.0
stress_1,2026-08-15T21:53:42.668860+00:00,0.0,4.46484375,0.1171875,0.0
stress_1,2026-08-15T21:53:43.170129+00:00,0.0,4.46484375,0.1171875,0.0
stress_1,2026-08-15T21:53:43.670934+00:00,0.0,4.46484375,0.1171875,0.0
stress_1,2026-08-15T21:53:44.171480+00:00,0.0,4.46484375,0.1171875,0.0
stress_1,2026-08-15T21:53:44.672020+00:00,0.0,4.46484375,0.1171875,0.0
stress_1,2026-08-15T21:53:45.172966+00:00,0.0,4.46484375,0.1171875,0.0
stress_1,2026-08-15T21:53:45.673911+00:00,0.0,4.46484375,0.1171875,0.0
stress_1,2026-08-15T21:53:46.174608+00:00,0.0,4.46484375,0.1171875,0.0
stress_1,2026-08-15T21:53:46.675201+00:00,0.0,4.46484375,0.1171875,0.0
stress_1,2026-08-15T21:53:47.176248+00:00,0.0,4.46484375,0.1171875,0.0
stress_1,2026-08-15T21:53:47.677423+00:00,0.0,4.46484375,0.1171875,0.0
stress_1,2026-08-15T21:53:48.178379+00:00,0.0,4.46484375,0.1171875,0.0
stress_1,2026-08-15T21:53:48.679193+00:00,0.0,4.46484375,0.1171875,0.0
stress_1,2026-08-15T21:53:49.179763+00:00,0.0,4.46484375,0.1171875,0.0
stress_1,2026-08-15T21:53:49.680356+00:00,0.0,4.46484375,0.1171875,0.0
stress_1,2026-08-15T21:53:50.180889+00:00,0.0,4.46484375,0.1171875,0.0
stress_1,2026-08-15T21:53:50.681437+00:00,0.0,4.46484375,0.1171875,0.0
stress_1,2026-08-15T21:53:51.182012+00:00,0.0,4.46484375,0.1171875,0.0
stress_1,2026-08-15T21:53:51.682887+00:00,0.0,4.46484375,0.1171875,0.0
stress_1,2026-08-15T21:53:52.183778+00:00,0.0,4.46484375,0.1171875,0.0
stress_1,2026-08-15T21:53:52.684370+00:00,0.0,4.46484375,0.1171875,0.0
stress_1,2026-08-15T21:53:53.185274+00:00,0.0,4.46484375,0.1171875,0.0
stress_1,2026-08-15T21:53:53.686228+00:00,0.0,4.46484375,0.1171875,0.0
stress_1,2026-08-15T21:53:54.187243+00:00,0.0,4.46484375,0.1171875,0.0
stress_1,2026-08-15T21:53:54.688162+00:00,0.0,4.46484375,0.1171875,0.0
stress_1,2026-08-15T21:53:55.189136+00:00,0.0,4.46484375,0.1171875,0.0
stress_1,2026-08-15T21:53:55.690115+00:00,0.0,4.46484375,0.1171875,0.0
stress_1,2026-08-15T21:53:56.191084+00:00,0.0,4.46484375,0.1171875,0.0
stress_1,2026-08-15T21:53:56.692013+00:00,0.0,4.46484375,0.1171875,0.0
stress_1,2026-08-15T21:53:57.192895+00:00,0.0,4.46484375,0.1171875,0.0
stress_1,2026-08-15T21:53:57.693787+00:00,0.0,4.46484375,0.1171875,0.0
stress_1,2026-08-15T21:53:58.194732+00:00,0.0,4.46484375,0.1171875,0.0
stress_1,2026-08-15T21:53:58.695361+00:00,0.0,4.46484375,0.1171875,0.0
stress_1,2026-08-15T21:53:59.196295+00:00,0.0,4.46484375,0.1171875,0.0
stress_1,2026-08-15T21:53:59.697246+00:00,0.0,4.46484375,0.1171875,0.0
stress_1,2026-08-15T21:54:00.197928+00:00,0.0,4.46484375,0.1171875,0.0
stress_1,2026-08-15T21:54:00.698912+00:00,0.0,4.46484375,0.1171875,0.0
stress_1,2026-08-15T21:54:01.199871+00:00,0.0,4.46484375,0.1171875,0.0
stress_1,2026-08-15T21:54:01.700808+00:00,0.0,4.46484375,0.1171875,0.0
stress_1,2026-08-15T21:54:02.201863+00:00,0.0,4.46484375,0.1171875,0.0
stress_1,2026-08-15T21:54:02.702816+00:00,0.0,4.46484375,0.1171875,0.0
stress_1,2026-08-15T21:54:03.203749+00:00,0.0,4.46484375,0.1171875,0.0
stress_1,2026-08-15T21:54:03.704692+00:00,0.0,4.46484375,0.1171875,0.0
stress_1,2026-08-15T21:54:04.205668+00:00,0.0,4.46484375,0.1171875,0.0
stress_1,2026-08-15T21:54:04.706587+00:00,0.0,4.46484375,0.1171875,0.0
stress_1,2026-08-15T21:54:05.207217+00:00,0.0,4.46484375,0.1171875,0.0
stress_1,2026-08-15T21:54:05.708017+00:00,0.0,4.46484375,0.1171875,0.0
stress_1,2026-08-15T21:54:06.208881+00:00,0.0,4.46484375,0.1171875,0.0
stress_1,2026-08-15T21:54:06.709825+00:00,0.0,4.46484375,0.1171875,0.0
stress_1,2026-08-15T21:54:07.210828+00:00,0.0,4.46484375,0.1171875,0.0
stress_1,2026-08-15T21:54:07.711513+00:00,0.0,4.46484375,0.1171875,0.0
stress_1,2026-08-15T21:54:08.212475+00:00,0.0,4.46484375,0.1171875,0.0
stress_1,2026-08-15T21:54:08.713461+00:00,0.0,4.46484375,0.1171875,0.0
stress_1,2026-08-15T21:54:09.214403+00:00,0.0,4.46484375,0.1171875,0.0
stress_1,2026-08-15T21:54:09.714944+00:00,0.0,4.46484375,0.1171875,0.0
stress_1,2026-08-15T21:54:10.215871+00:00,0.0,4.46484375,0.1171875,0.0
stress_1,2026-08-15T21:54:10.716830+00:00,0.0,4.46484375,0.1171875,0.0
stress_1,2026-08-15T21:54:11.217803+00:00,0.0,4.46484375,0.1171875,0.0
stress_1,2026-08-15T21:54:11.718747+00:00,0.0,4.46484375,0.1171875,0.0
stress_1,2026-08-15T21:54:12.219717+00:00,2.0,4.46484375,0.1171875,0.0
stress_1,2026-08-15T21:54:12.720768+00:00,0.0,4.46484375,0.1171875,0.0
stress_1,2026-08-15T21:54:13.221737+00:00,0.0,4.46484375,0.1171875,0.0
stress_1,2026-08-15T21:54:13.722832+00:00,0.0,4.46484375,0.1171875,0.0
stress_1,2026-08-15T21:54:14.223823+00:00,0.0,4.46484375,0.1171875,0.0
stress_1,2026-08-15T21:54:14.724516+00:00,0.0,4.46484375,0.1171875,0.0
stress_1,2026-08-15T21:54:15.225690+00:00,0.0,4.46484375,0.1171875,0.0
stress_1,2026-08-15T21:54:15.726512+00:00,0.0,4.46484375,0.1171875,0.0
stress_1,2026-08-15T21:54:16.227550+00:00,0.0,4.46484375,0.1171875,0.0
stress_1,2026-08-15T21:54:16.728470+00:00,0.0,4.46484375,0.1171875,0.0
stress_1,2026-08-15T21:54:17.229460+00:00,0.0,4.46484375,0.1171875,0.0
stress_1,2026-08-15T21:54:17.730442+00:00,0.0,4.46484375,0.1171875,0.0
stress_1,2026-08-15T21:54:18.231424+00:00,0.0,4.46484375,0.1171875,0.0
stress_1,2026-08-15T21:54:18.732550+00:00,0.0,4.46484375,0.1171875,0.0
stress_1,2026-08-15T21:54:19.233678+00:00,0.0,4.46484375,0.1171875,0.0
stress_1,2026-08-15T21:54:19.734770+00:00,0.0,4.46484375,0.1171875,0.0
stress_1,2026-08-15T21:54:20.235905+00:00,0.0,4.46484375,0.1171875,0.0
stress_1,2026-08-15T21:54:20.736923+00:00,0.0,4.46484375,0.1171875,0.0
stress_1,2026-08-15T21:54:21.238072+00:00,0.0,4.46484375,0.1171875,0.0
stress_1,2026-08-15T21:54:21.739297+00:00,0.0,4.46484375,0.1171875,0.0
stress_1,2026-08-15T21:54:22.240466+00:00,0.0,4.46484375,0.1171875,0.0
stress_1,2026-08-15T21:54:22.741681+00:00,0.0,4.46484375,0.1171875,0.0
stress_1,2026-08-15T21:54:23.243137+00:00,0.0,4.46484375,0.1171875,0.0
stress_1,2026-08-15T21:54:23.743821+00:00,0.0,4.46484375,0.1171875,0.0
stress_1,2026-08-15T21:54:24.245539+00:00,0.0,4.46484375,0.1171875,0.0
stress_1,2026-08-15T21:54:24.746476+00:00,0.0,4.46484375,0.1171875,0.0
stress_1,2026-08-15T21:54:25.247567+00:00,0.0,4.46484375,0.1171875,0.0
stress_1,2026-08-15T21:54:25.748690+00:00,0.0,4.46484375,0.1171875,0.0
stress_1,2026-08-15T21:54:26.249830+00:00,0.0,4.46484375,0.1171875,0.0
stress_1,2026-08-15T21:54:26.750923+00:00,0.0,4.46484375,0.1171875,0.0
stress_1,2026-08-15T21:54:27.252141+00:00,0.0,4.46484375,0.1171875,0.0
stress_1,2026-08-15T21:54:27.753045+00:00,0.0,4.46484375,0.1171875,0.0
stress_1,2026-08-15T21:54:28.253960+00:00,0.0,4.46484375,0.1171875,0.0
stress_1,2026-08-15T21:54:28.754861+00:00,0.0,4.46484375,0.1171875,0.0
stress_1,2026-08-15T21:54:29.255897+00:00,0.0,4.46484375,0.1171875,0.0
stress_1,2026-08-15T21:54:29.757038+00:00,0.0,4.46484375,0.1171875,0.0
stress_1,2026-08-15T21:54:30.258187+00:00,0.0,4.46484375,0.1171875,0.0
stress_1,2026-08-15T21:54:30.759430+00:00,0.0,4.46484375,0.1171875,0.0
stress_1,2026-08-15T21:54:31.260646+00:00,0.0,4.46484375,0.1171875,0.0
stress_1,2026-08-15T21:54:31.761748+00:00,0.0,4.46484375,0.1171875,0.0
stress_1,2026-08-15T21:54:32.262956+00:00,0.0,4.46484375,0.1171875,0.0
stress_1,2026-08-15T21:54:32.764176+00:00,0.0,4.46484375,0.1171875,0.0
stress_1,2026-08-15T21:54:33.265285+00:00,0.0,4.46484375,0.1171875,0.0
stress_1,2026-08-15T21:54:33.766437+00:00,0.0,4.46484375,0.1171875,0.0
stress_1,2026-08-15T21:54:34.267540+00:00,0.0,4.46484375,0.1171875,0.0
stress_1,2026-08-15T21:54:34.768496+00:00,0.0,4.46484375,0.1171875,0.0
stress_1,2026-08-15T21:54:35.269623+00:00,0.0,4.46484375,0.1171875,0.0
stress_1,2026-08-15T21:54:35.770769+00:00,0.0,4.46484375,0.1171875,0.0
stress_1,2026-08-15T21:54:36.271858+00:00,0.0,4.46484375,0.1171875,0.0
stress_1,2026-08-15T21:54:36.772936+00:00,0.0,4.46484375,0.1171875,0.0
stress_1,2026-08-15T21:54:37.274211+00:00,0.0,4.46484375,0.1171875,0.0
stress_1,2026-08-15T21:54:37.775401+00:00,0.0,4.46484375,0.1171875,0.0
stress_1,2026-08-15T21:54:38.276546+00:00,0.0,4.46484375,0.1171875,0.0
stress_1,2026-08-15T21:54:38.777722+00:00,0.0,4.46484375,0.1171875,0.0
stress_1,2026-08-15T21:54:39.278910+00:00,0.0,4.46484375,0.1171875,0.0
stress_1,2026-08-15T21:54:39.780140+00:00,0.0,4.46484375,0.1171875,0.0
stress_1,2026-08-15T21:54:40.281272+00:00,0.0,4.46484375,0.1171875,0.0
stress_1,2026-08-15T21:54:40.782391+00:00,0.0,4.46484375,0.1171875,0.0
stress_1,2026-08-15T21:54:41.283616+00:00,0.0,4.46484375,0.1171875,0.0
stress_1,2026-08-15T21:54:41.784667+00:00,0.0,4.46484375,0.1171875,0.0
stress_1,2026-08-15T21:54:42.285887+00:00,0.0,4.46484375,0.1171875,0.0
stress_1,2026-08-15T21:54:42.787137+00:00,0.0,4.46484375,0.1171875,0.0
stress_1,2026-08-15T21:54:43.288300+00:00,0.0,4.46484375,0.1171875,0.0
stress_1,2026-08-15T21:54:43.789340+00:00,0.0,4.46484375,0.1171875,0.0
stress_1,2026-08-15T21:54:44.290461+00:00,0.0,4.46484375,0.1171875,0.0
stress_1,2026-08-15T21:54:44.791734+00:00,0.0,4.46484375,0.1171875,0.0
stress_1,2026-08-15T21:54:45.292810+00:00,0.0,4.46484375,0.1171875,0.0
stress_1,2026-08-15T21:54:45.793888+00:00,0.0,4.46484375,0.1171875,0.0
stress_1,2026-08-15T21:54:46.295062+00:00,0.0,4.46484375,0.1171875,0.0
stress_1,2026-08-15T21:54:46.796144+00:00,0.0,4.46484375,0.1171875,0.0
stress_1,2026-08-15T21:54:47.297262+00:00,0.0,4.46484375,0.1171875,0.0
stress_1,2026-08-15T21:54:47.798562+00:00,0.0,4.46484375,0.1171875,0.0
stress_1,2026-08-15T21:54:48.299699+00:00,0.0,4.46484375,0.1171875,0.0
stress_1,2026-08-15T21:54:48.800864+00:00,0.0,4.46484375,0.1171875,0.0
stress_1,2026-08-15T21:54:49.302074+00:00,0.0,4.46484375,0.1171875,0.0
stress_1,2026-08-15T21:54:49.803317+00:00,0.0,4.46484375,0.1171875,0.0
stress_1,2026-08-15T21:54:50.304508+00:00,0.0,4.46484375,0.1171875,0.0
stress_1,2026-08-15T21:54:50.805653+00:00,0.0,4.46484375,0.1171875,0.0
stress_1,2026-08-15T21:54:51.306843+00:00,0.0,4.46484375,0.1171875,0.0
stress_1,2026-08-15T21:54:51.807916+00:00,0.0,4.46484375,0.1171875,0.0
stress_1,2026-08-15T21:54:52.309113+00:00,0.0,4.46484375,0.1171875,0.0
stress_1,2026-08-15T21:54:52.810281+00:00,0.0,4.46484375,0.1171875,0.0
stress_1,2026-08-15T21:54:53.311431+00:00,0.0,4.46484375,0.1171875,0.0
stress_1,2026-08-15T21:54:53.812680+00:00,0.0,4.46484375,0.1171875,0.0
stress_1,2026-08-15T21:54:54.313840+00:00,0.0,4.46484375,0.1171875,0.0
stress_1,2026-08-15T21:54:54.815272+00:00,0.0,4.46484375,0.1171875,0.0
stress_1,2026-08-15T21:54:55.316411+00:00,0.0,4.46484375,0.1171875,0.0
stress_1,2026-08-15T21:54:55.817342+00:00,0.0,4.46484375,0.1171875,0.0
stress_1,2026-08-15T21:54:56.318469+00:00,0.0,4.46484375,0.1171875,0.0
stress_1,2026-08-15T21:54:56.819492+00:00,0.0,4.46484375,0.1171875,0.0
stress_1,2026-08-15T21:54:57.320592+00:00,0.0,4.46484375,0.1171875,0.0
stress_1,2026-08-15T21:54:57.821723+00:00,0.0,4.46484375,0.1171875,0.0
stress_1,2026-08-15T21:54:58.323007+00:00,0.0,4.46484375,0.1171875,0.0
stress_1,2026-08-15T21:54:58.824135+00:00,0.0,4.46484375,0.1171875,0.0
stress_1,2026-08-15T21:54:59.325223+00:00,0.0,4.46484375,0.1171875,0.0
stress_1,2026-08-15T21:54:59.826344+00:00,0.0,4.46484375,0.1171875,0.0
stress_1,2026-08-15T21:55:00.327461+00:00,0.0,4.46484375,0.1171875,0.0
stress_1,2026-08-15T21:55:00.828125+00:00,0.0,4.46484375,0.1171875,0.0
stress_1,2026-08-15T21:55:01.329222+00:00,0.0,4.46484375,0.1171875,0.0
stress_1,2026-08-15T21:55:01.830483+00:00,0.0,4.46484375,0.1171875,0.0
stress_1,2026-08-15T21:55:02.331578+00:00,0.0,4.46484375,0.1171875,0.0
stress_1,2026-08-15T21:55:02.832718+00:00,0.0,4.46484375,0.1171875,0.0
stress_1,2026-08-15T21:55:03.333845+00:00,0.0,4.46484375,0.1171875,0.0
stress_1,2026-08-15T21:55:03.835026+00:00,0.0,4.46484375,0.1171875,0.0
stress_1,2026-08-15T21:55:04.336180+00:00,0.0,4.46484375,0.1171875,0.0
stress_1,2026-08-15T21:55:04.837226+00:00,0.0,4.46484375,0.1171875,0.0
stress_1,2026-08-15T21:55:05.338783+00:00,0.0,4.46484375,0.1171875,0.0
stress_1,2026-08-15T21:55:05.839906+00:00,0.0,4.46484375,0.1171875,0.0
stress_1,2026-08-15T21:55:06.340951+00:00,0.0,4.46484375,0.1171875,0.0
stress_1,2026-08-15T21:55:06.842180+00:00,0.0,4.46484375,0.1171875,0.0
stress_1,2026-08-15T21:55:07.343396+00:00,0.0,4.46484375,0.1171875,0.0
stress_1,2026-08-15T21:55:07.844650+00:00,0.0,4.46484375,0.1171875,0.0
stress_1,2026-08-15T21:55:08.345778+00:00,0.0,4.46484375,0.1171875,0.0
stress_1,2026-08-15T21:55:08.846896+00:00,0.0,4.46484375,0.1171875,0.0
stress_1,2026-08-15T21:55:09.348149+00:00,0.0,4.46484375,0.1171875,0.0
stress_1,2026-08-15T21:55:09.849307+00:00,0.0,4.46484375,0.1171875,0.0
stress_1,2026-08-15T21:55:10.350325+00:00,0.0,4.46484375,0.1171875,0.0
stress_1,2026-08-15T21:55:10.850930+00:00,0.0,4.46484375,0.1171875,0.0
stress_1,2026-08-15T21:55:11.351447+00:00,0.0,4.46484375,0.1171875,0.0
stress_1,2026-08-15T21:55:11.852104+00:00,0.0,4.46484375,0.1171875,0.0
stress_1,2026-08-15T21:55:12.352899+00:00,0.0,4.46484375,0.1171875,0.0
stress_1,2026-08-15T21:55:12.853896+00:00,0.0,4.46484375,0.1171875,0.0
stress_1,2026-08-15T21:55:13.354482+00:00,0.0,4.46484375,0.1171875,0.0
stress_1,2026-08-15T21:55:13.855615+00:00,0.0,4.46484375,0.1171875,0.0
stress_1,2026-08-15T21:55:14.356747+00:00,0.0,4.46484375,0.1171875,0.0
stress_1,2026-08-15T21:55:14.857862+00:00,0.0,4.46484375,0.1171875,0.0
stress_1,2026-08-15T21:55:15.358578+00:00,0.0,4.46484375,0.1171875,0.0
stress_1,2026-08-15T21:55:15.859486+00:00,0.0,4.46484375,0.1171875,0.0
stress_1,2026-08-15T21:55:16.360085+00:00,0.0,4.46484375,0.1171875,0.0
stress_1,2026-08-15T21:55:16.860555+00:00,0.0,4.46484375,0.1171875,0.0
stress_1,2026-08-15T21:55:17.361673+00:00,0.0,4.46484375,0.1171875,0.0
stress_1,2026-08-15T21:55:17.862842+00:00,0.0,4.46484375,0.1171875,0.0
stress_1,2026-08-15T21:55:18.363916+00:00,0.0,4.46484375,0.1171875,0.0
stress_1,2026-08-15T21:55:18.865113+00:00,0.0,4.46484375,0.1171875,0.0
stress_1,2026-08-15T21:55:19.366308+00:00,0.0,4.46484375,0.1171875,0.0
stress_1,2026-08-15T21:55:19.867465+00:00,0.0,4.46484375,0.1171875,0.0
stress_1,2026-08-15T21:55:20.368603+00:00,0.0,4.46484375,0.1171875,0.0
stress_1,2026-08-15T21:55:20.869745+00:00,0.0,4.46484375,0.1171875,0.0
stress_1,2026-08-15T21:55:21.370936+00:00,0.0,4.46484375,0.1171875,0.0
stress_1,2026-08-15T21:55:21.872126+00:00,0.0,4.46484375,0.1171875,0.0
stress_1,2026-08-15T21:55:22.373402+00:00,0.0,4.46484375,0.1171875,0.0
stress_1,2026-08-15T21:55:22.874565+00:00,0.0,4.46484375,0.1171875,0.0
stress_1,2026-08-15T21:55:23.375327+00:00,0.0,4.46484375,0.1171875,0.0
stress_1,2026-08-15T21:55:23.876117+00:00,0.0,4.46484375,0.1171875,0.0
stress_1,2026-08-15T21:55:24.376655+00:00,0.0,4.46484375,0.1171875,0.0
stress_1,2026-08-15T21:55:24.877692+00:00,0.0,4.46484375,0.1171875,0.0
stress_1,2026-08-15T21:55:25.378777+00:00,0.0,4.46484375,0.1171875,0.0
stress_1,2026-08-15T21:55:25.880139+00:00,0.0,4.46484375,0.1171875,0.0
stress_1,2026-08-15T21:55:26.380817+00:00,0.0,4.46484375,0.1171875,0.0
stress_1,2026-08-15T21:55:26.881450+00:00,0.0,4.46484375,0.1171875,0.0
stress_1,2026-08-15T21:55:27.382443+00:00,0.0,4.46484375,0.1171875,0.0
stress_1,2026-08-15T21:55:27.883511+00:00,0.0,4.46484375,0.1171875,0.0
stress_1,2026-08-15T21:55:28.384633+00:00,0.0,4.46484375,0.1171875,0.0
stress_1,2026-08-15T21:55:28.885755+00:00,0.0,4.46484375,0.1171875,0.0
stress_1,2026-08-15T21:55:29.386920+00:00,0.0,4.46484375,0.1171875,0.0
stress_1,2026-08-15T21:55:29.888136+00:00,0.0,4.46484375,0.1171875,0.0
stress_1,2026-08-15T21:55:30.389279+00:00,0.0,4.46484375,0.1171875,0.0
stress_1,2026-08-15T21:55:30.890420+00:00,0.0,4.46484375,0.1171875,0.0
stress_1,2026-08-15T21:55:31.391570+00:00,0.0,4.46484375,0.1171875,0.0
stress_1,2026-08-15T21:55:31.892354+00:00,0.0,4.46484375,0.1171875,0.0
stress_1,2026-08-15T21:55:32.393445+00:00,0.0,4.46484375,0.1171875,0.0
stress_1,2026-08-15T21:55:32.894556+00:00,0.0,4.46484375,0.1171875,0.0
stress_1,2026-08-15T21:55:33.395712+00:00,0.0,4.46484375,0.1171875,0.0
stress_1,2026-08-15T21:55:33.896829+00:00,0.0,4.46484375,0.1171875,0.0
stress_1,2026-08-15T21:55:34.397518+00:00,0.0,4.46484375,0.1171875,0.0
stress_1,2026-08-15T21:55:34.898046+00:00,0.0,4.46484375,0.1171875,0.0
stress_1,2026-08-15T21:55:35.398525+00:00,0.0,4.46484375,0.1171875,0.0
stress_1,2026-08-15T21:55:35.899568+00:00,0.0,4.46484375,0.1171875,0.0
stress_1,2026-08-15T21:55:36.400515+00:00,0.0,4.46484375,0.1171875,0.0
stress_1,2026-08-15T21:55:36.901715+00:00,0.0,4.46484375,0.1171875,0.0
stress_1,2026-08-15T21:55:37.402690+00:00,0.0,4.46484375,0.1171875,0.0
stress_1,2026-08-15T21:55:37.903617+00:00,0.0,4.46484375,0.1171875,0.0
stress_1,2026-08-15T21:55:38.404747+00:00,0.0,4.46484375,0.1171875,0.0
stress_1,2026-08-15T21:55:38.905850+00:00,0.0,4.46484375,0.1171875,0.0
stress_1,2026-08-15T21:55:39.406845+00:00,0.0,4.46484375,0.1171875,0.0
stress_1,2026-08-15T21:55:39.907410+00:00,0.0,4.46484375,0.1171875,0.0
stress_1,2026-08-15T21:55:40.408194+00:00,0.0,4.46484375,0.1171875,0.0
stress_1,2026-08-15T21:55:40.908811+00:00,0.0,4.46484375,0.1171875,0.0
stress_1,2026-08-15T21:55:41.409372+00:00,0.0,4.46484375,0.1171875,0.0
stress_1,2026-08-15T21:55:41.909927+00:00,0.0,4.46484375,0.1171875,0.0
stress_1,2026-08-15T21:55:42.410895+00:00,0.0,4.46484375,0.1171875,0.0
stress_1,2026-08-15T21:55:42.911503+00:00,0.0,4.46484375,0.1171875,0.0
stress_1,2026-08-15T21:55:43.412048+00:00,0.0,4.46484375,0.1171875,0.0
stress_1,2026-08-15T21:55:43.912718+00:00,0.0,4.46484375,0.1171875,0.0
stress_1,2026-08-15T21:55:44.413455+00:00,0.0,4.46484375,0.1171875,0.0
stress_1,2026-08-15T21:55:44.914549+00:00,0.0,4.46484375,0.1171875,0.0
stress_1,2026-08-15T21:55:45.415588+00:00,0.0,4.46484375,0.1171875,0.0
stress_1,2026-08-15T21:55:45.916580+00:00,0.0,4.46484375,0.1171875,0.0
stress_1,2026-08-15T21:55:46.417729+00:00,0.0,4.46484375,0.1171875,0.0
